Target	Mode	Species	Species_taxid	Genus	Initial_unique_probe	Taxa_specific_probe	Access_probe	Terminal_probe	Taxa_specific_kmer_removed	Access_removed	Collapse_removed	Node_tiling_probe	Output_fasta	Sort_mode	Kingdom	Phylum	Class	Order	Family	Plot_total_probe	Filtered_probe_percent	Collapse_removed_percent	Access_removed_percent	Taxa_specific_kmer_removed_percent	Node_tiling_probe_percent
Apis mellifera	taxa	Apis mellifera	7460	Apis	6734	1789	8	8	4945	1781	0	0	/lustre/elzd_2023_000111/zcb/mitocapture04/Pipeline/eMito_pipeline_v3_2/06_optional_modes/taxa/access/Apis_mellifera__species_taxid_7460.taxa_specific.probe.assessed.fasta	0	Metazoa	Arthropoda	Insecta	Hymenoptera	Apidae	6734	0.11880011880011879	0.0	26.44787644787645	73.43332343332344	0.0
Node: Apidae	node	Apis mellifera	7460	Apis	0	0	0	0	0	0	0	3259	/lustre/elzd_2023_000111/zcb/mitocapture04/Pipeline/eMito_pipeline_v3_2/05_eMito_node_generate/probe_sets/Apidae__family_taxid_7458.node_tiling.probe.fasta	1	Metazoa	Arthropoda	Insecta	Hymenoptera	Apidae	3259	0.0	0.0	0.0	0.0	100.0
Bombyx mori	taxa	Bombyx mori	7091	Bombyx	3719	2838	99	99	881	2739	0	0	/lustre/elzd_2023_000111/zcb/mitocapture04/Pipeline/eMito_pipeline_v3_2/06_optional_modes/taxa/access/Bombyx_mori__species_taxid_7091.taxa_specific.probe.assessed.fasta	0	Metazoa	Arthropoda	Insecta	Lepidoptera	Bombycidae	3719	2.6620059155687015	0.0	73.64883033073407	23.689163753697233	0.0
Node: Bombycidae	node	Bombyx mori	7091	Bombyx	0	0	0	0	0	0	0	3119	/lustre/elzd_2023_000111/zcb/mitocapture04/Pipeline/eMito_pipeline_v3_2/05_eMito_node_generate/probe_sets/Bombycidae__family_taxid_7089.node_tiling.probe.fasta	1	Metazoa	Arthropoda	Insecta	Lepidoptera	Bombycidae	3119	0.0	0.0	0.0	0.0	100.0
Cyprinus rubrofuscus	taxa	Cyprinus rubrofuscus	1221224	Cyprinus	3307	3287	2420	2420	20	867	0	0	/lustre/elzd_2023_000111/zcb/mitocapture04/Pipeline/eMito_pipeline_v3_2/06_optional_modes/taxa/access/Cyprinus_rubrofuscus__species_taxid_1221224.taxa_specific.probe.assessed.fasta	0	Metazoa	Chordata	Actinopteri	Cypriniformes	Cyprinidae	3307	73.17810704566072	0.0	26.217115210160262	0.6047777441790142	0.0
Node: Cyprinidae	node	Cyprinus rubrofuscus	1221224	Cyprinus	0	0	0	0	0	0	0	3307	/lustre/elzd_2023_000111/zcb/mitocapture04/Pipeline/eMito_pipeline_v3_2/05_eMito_node_generate/probe_sets/Cyprinidae__family_taxid_7953.node_tiling.probe.fasta	1	Metazoa	Chordata	Actinopteri	Cypriniformes	Cyprinidae	3307	0.0	0.0	0.0	0.0	100.0
Oncorhynchus mykiss	taxa	Oncorhynchus mykiss	8022	Oncorhynchus	4441	2846	2295	2295	1595	551	0	0	/lustre/elzd_2023_000111/zcb/mitocapture04/Pipeline/eMito_pipeline_v3_2/06_optional_modes/taxa/access/Oncorhynchus_mykiss__species_taxid_8022.taxa_specific.probe.assessed.fasta	0	Metazoa	Chordata	Actinopteri	Salmoniformes	Salmonidae	4441	51.67755010132853	0.0	12.407115514523756	35.91533438414771	0.0
Salmo salar	taxa	Salmo salar	8030	Salmo	4478	2807	2224	2224	1671	583	0	0	/lustre/elzd_2023_000111/zcb/mitocapture04/Pipeline/eMito_pipeline_v3_2/06_optional_modes/taxa/access/Salmo_salar__species_taxid_8030.taxa_specific.probe.assessed.fasta	0	Metazoa	Chordata	Actinopteri	Salmoniformes	Salmonidae	4478	49.66502903081733	0.0	13.01920500223314	37.315765966949535	0.0
Node: Salmonidae	node	Salmo salar	8030	Salmo	0	0	0	0	0	0	0	3323	/lustre/elzd_2023_000111/zcb/mitocapture04/Pipeline/eMito_pipeline_v3_2/05_eMito_node_generate/probe_sets/Salmonidae__family_taxid_8015.node_tiling.probe.fasta	1	Metazoa	Chordata	Actinopteri	Salmoniformes	Salmonidae	3323	0.0	0.0	0.0	0.0	100.0
Anas platyrhynchos	taxa	Anas platyrhynchos	8839	Anas	3712	2820	2388	2388	892	432	0	0	/lustre/elzd_2023_000111/zcb/mitocapture04/Pipeline/eMito_pipeline_v3_2/06_optional_modes/taxa/access/Anas_platyrhynchos__species_taxid_8839.taxa_specific.probe.assessed.fasta	0	Metazoa	Chordata	Aves	Anseriformes	Anatidae	3712	64.33189655172413	0.0	11.637931034482758	24.030172413793103	0.0
Anser anser	taxa	Anser anser	8843	Anser	5644	2558	2277	2277	3086	281	0	0	/lustre/elzd_2023_000111/zcb/mitocapture04/Pipeline/eMito_pipeline_v3_2/06_optional_modes/taxa/access/Anser_anser__species_taxid_8843.taxa_specific.probe.assessed.fasta	0	Metazoa	Chordata	Aves	Anseriformes	Anatidae	5644	40.34372785258682	0.0	4.978738483345145	54.67753366406804	0.0
Anser cygnoides	taxa	Anser cygnoides	8845	Anser	5504	3088	2697	2697	2416	391	0	0	/lustre/elzd_2023_000111/zcb/mitocapture04/Pipeline/eMito_pipeline_v3_2/06_optional_modes/taxa/access/Anser_cygnoides__species_taxid_8845.taxa_specific.probe.assessed.fasta	0	Metazoa	Chordata	Aves	Anseriformes	Anatidae	5504	49.000726744186046	0.0	7.1039244186046515	43.895348837209305	0.0
Cairina moschata	taxa	Cairina moschata	8855	Cairina	3452	2845	2443	2443	607	402	0	0	/lustre/elzd_2023_000111/zcb/mitocapture04/Pipeline/eMito_pipeline_v3_2/06_optional_modes/taxa/access/Cairina_moschata__species_taxid_8855.taxa_specific.probe.assessed.fasta	0	Metazoa	Chordata	Aves	Anseriformes	Anatidae	3452	70.77056778679027	0.0	11.645422943221321	17.584009269988414	0.0
Node: Anatidae	node	Cairina moschata	8855	Cairina	0	0	0	0	0	0	0	3312	/lustre/elzd_2023_000111/zcb/mitocapture04/Pipeline/eMito_pipeline_v3_2/05_eMito_node_generate/probe_sets/Anatidae__family_taxid_8830.node_tiling.probe.fasta	1	Metazoa	Chordata	Aves	Anseriformes	Anatidae	3312	0.0	0.0	0.0	0.0	100.0
Columba livia	taxa	Columba livia	8932	Columba	4350	2844	2393	2393	1506	451	0	0	/lustre/elzd_2023_000111/zcb/mitocapture04/Pipeline/eMito_pipeline_v3_2/06_optional_modes/taxa/access/Columba_livia__species_taxid_8932.taxa_specific.probe.assessed.fasta	0	Metazoa	Chordata	Aves	Columbiformes	Columbidae	4350	55.01149425287356	0.0	10.367816091954023	34.62068965517241	0.0
Node: Columbidae	node	Columba livia	8932	Columba	0	0	0	0	0	0	0	3436	/lustre/elzd_2023_000111/zcb/mitocapture04/Pipeline/eMito_pipeline_v3_2/05_eMito_node_generate/probe_sets/Columbidae__family_taxid_8930.node_tiling.probe.fasta	1	Metazoa	Chordata	Aves	Columbiformes	Columbidae	3436	0.0	0.0	0.0	0.0	100.0
Numida meleagris	taxa	Numida meleagris	8996	Numida	5036	3194	2782	2782	1842	412	0	0	/lustre/elzd_2023_000111/zcb/mitocapture04/Pipeline/eMito_pipeline_v3_2/06_optional_modes/taxa/access/Numida_meleagris__species_taxid_8996.taxa_specific.probe.assessed.fasta	0	Metazoa	Chordata	Aves	Galliformes	Numididae	5036	55.242255758538526	0.0	8.18109610802224	36.576648133439235	0.0
Node: Numididae	node	Numida meleagris	8996	Numida	0	0	0	0	0	0	0	3347	/lustre/elzd_2023_000111/zcb/mitocapture04/Pipeline/eMito_pipeline_v3_2/05_eMito_node_generate/probe_sets/Numididae__family_taxid_8990.node_tiling.probe.fasta	1	Metazoa	Chordata	Aves	Galliformes	Numididae	3347	0.0	0.0	0.0	0.0	100.0
Coturnix japonica	taxa	Coturnix japonica	93934	Coturnix	3746	3116	2544	2544	630	572	0	0	/lustre/elzd_2023_000111/zcb/mitocapture04/Pipeline/eMito_pipeline_v3_2/06_optional_modes/taxa/access/Coturnix_japonica__species_taxid_93934.taxa_specific.probe.assessed.fasta	0	Metazoa	Chordata	Aves	Galliformes	Phasianidae	3746	67.91243993593166	0.0	15.269620928990923	16.817939135077417	0.0
Gallus gallus	taxa	Gallus gallus	9031	Gallus	4182	3074	2594	2594	1108	480	0	0	/lustre/elzd_2023_000111/zcb/mitocapture04/Pipeline/eMito_pipeline_v3_2/06_optional_modes/taxa/access/Gallus_gallus__species_taxid_9031.taxa_specific.probe.assessed.fasta	0	Metazoa	Chordata	Aves	Galliformes	Phasianidae	4182	62.027737924438064	0.0	11.477761836441895	26.49450023912004	0.0
Meleagris gallopavo	taxa	Meleagris gallopavo	9103	Meleagris	3407	3240	2473	2473	167	767	0	0	/lustre/elzd_2023_000111/zcb/mitocapture04/Pipeline/eMito_pipeline_v3_2/06_optional_modes/taxa/access/Meleagris_gallopavo__species_taxid_9103.taxa_specific.probe.assessed.fasta	0	Metazoa	Chordata	Aves	Galliformes	Phasianidae	3407	72.58585265629586	0.0	22.51247431758145	4.901673026122689	0.0
Node: Phasianidae	node	Meleagris gallopavo	9103	Meleagris	0	0	0	0	0	0	0	3334	/lustre/elzd_2023_000111/zcb/mitocapture04/Pipeline/eMito_pipeline_v3_2/05_eMito_node_generate/probe_sets/Phasianidae__family_taxid_9005.node_tiling.probe.fasta	1	Metazoa	Chordata	Aves	Galliformes	Phasianidae	3334	0.0	0.0	0.0	0.0	100.0
Lonchura striata	taxa	Lonchura striata	40157	Lonchura	3353	3278	2666	2666	75	612	0	0	/lustre/elzd_2023_000111/zcb/mitocapture04/Pipeline/eMito_pipeline_v3_2/06_optional_modes/taxa/access/Lonchura_striata__species_taxid_40157.taxa_specific.probe.assessed.fasta	0	Metazoa	Chordata	Aves	Passeriformes	Estrildidae	3353	79.5108857739338	0.0	18.252311362958544	2.236802863107665	0.0
Node: Estrildidae	node	Lonchura striata	40157	Lonchura	0	0	0	0	0	0	0	3353	/lustre/elzd_2023_000111/zcb/mitocapture04/Pipeline/eMito_pipeline_v3_2/05_eMito_node_generate/probe_sets/Estrildidae__family_taxid_37611.node_tiling.probe.fasta	1	Metazoa	Chordata	Aves	Passeriformes	Estrildidae	3353	0.0	0.0	0.0	0.0	100.0
Serinus canaria	taxa	Serinus canaria	9135	Serinus	3340	3278	2758	2758	62	520	0	0	/lustre/elzd_2023_000111/zcb/mitocapture04/Pipeline/eMito_pipeline_v3_2/06_optional_modes/taxa/access/Serinus_canaria__species_taxid_9135.taxa_specific.probe.assessed.fasta	0	Metazoa	Chordata	Aves	Passeriformes	Fringillidae	3340	82.57485029940119	0.0	15.568862275449103	1.8562874251497008	0.0
Node: Fringillidae	node	Serinus canaria	9135	Serinus	0	0	0	0	0	0	0	3340	/lustre/elzd_2023_000111/zcb/mitocapture04/Pipeline/eMito_pipeline_v3_2/05_eMito_node_generate/probe_sets/Fringillidae__family_taxid_9133.node_tiling.probe.fasta	1	Metazoa	Chordata	Aves	Passeriformes	Fringillidae	3340	0.0	0.0	0.0	0.0	100.0
Phalacrocorax carbo	taxa	Phalacrocorax carbo	9209	Phalacrocorax	3899	3654	3039	3039	245	615	0	0	/lustre/elzd_2023_000111/zcb/mitocapture04/Pipeline/eMito_pipeline_v3_2/06_optional_modes/taxa/access/Phalacrocorax_carbo__species_taxid_9209.taxa_specific.probe.assessed.fasta	0	Metazoa	Chordata	Aves	Suliformes	Phalacrocoracidae	3899	77.94306232367273	0.0	15.773275198768916	6.283662477558348	0.0
Node: Phalacrocoracidae	node	Phalacrocorax carbo	9209	Phalacrocorax	0	0	0	0	0	0	0	3789	/lustre/elzd_2023_000111/zcb/mitocapture04/Pipeline/eMito_pipeline_v3_2/05_eMito_node_generate/probe_sets/Phalacrocoracidae__family_taxid_9206.node_tiling.probe.fasta	1	Metazoa	Chordata	Aves	Suliformes	Phalacrocoracidae	3789	0.0	0.0	0.0	0.0	100.0
Chrysochloris asiatica	taxa	Chrysochloris asiatica	185453	Chrysochloris	3281	3194	1536	1536	87	1658	0	0	/lustre/elzd_2023_000111/zcb/mitocapture04/Pipeline/eMito_pipeline_v3_2/06_optional_modes/taxa/access/Chrysochloris_asiatica__species_taxid_185453.taxa_specific.probe.assessed.fasta	0	Metazoa	Chordata	Mammalia	Afrosoricida	Chrysochloridae	3281	46.814995428223106	0.0	50.533373971350194	2.6516306004266994	0.0
Eremitalpa granti	taxa	Eremitalpa granti	481707	Eremitalpa	3300	3199	1383	1383	101	1816	0	0	/lustre/elzd_2023_000111/zcb/mitocapture04/Pipeline/eMito_pipeline_v3_2/06_optional_modes/taxa/access/Eremitalpa_granti__species_taxid_481707.taxa_specific.probe.assessed.fasta	0	Metazoa	Chordata	Mammalia	Afrosoricida	Chrysochloridae	3300	41.90909090909091	0.0	55.03030303030303	3.0606060606060606	0.0
Node: Chrysochloridae	node	Eremitalpa granti	481707	Eremitalpa	0	0	0	0	0	0	0	3311	/lustre/elzd_2023_000111/zcb/mitocapture04/Pipeline/eMito_pipeline_v3_2/05_eMito_node_generate/probe_sets/Chrysochloridae__family_taxid_9389.node_tiling.probe.fasta	1	Metazoa	Chordata	Mammalia	Afrosoricida	Chrysochloridae	3311	0.0	0.0	0.0	0.0	100.0
Echinops telfairi	taxa	Echinops telfairi	9371	Echinops	5051	1499	815	815	3552	684	0	0	/lustre/elzd_2023_000111/zcb/mitocapture04/Pipeline/eMito_pipeline_v3_2/06_optional_modes/taxa/access/Echinops_telfairi__species_taxid_9371.taxa_specific.probe.assessed.fasta	0	Metazoa	Chordata	Mammalia	Afrosoricida	Tenrecidae	5051	16.135418728964563	0.0	13.541872896456148	70.32270837457929	0.0
Node: Tenrecidae	node	Echinops telfairi	9371	Echinops	0	0	0	0	0	0	0	3300	/lustre/elzd_2023_000111/zcb/mitocapture04/Pipeline/eMito_pipeline_v3_2/05_eMito_node_generate/probe_sets/Tenrecidae__family_taxid_9369.node_tiling.probe.fasta	1	Metazoa	Chordata	Mammalia	Afrosoricida	Tenrecidae	3300	0.0	0.0	0.0	0.0	100.0
Antilocapra americana	taxa	Antilocapra americana	9891	Antilocapra	3261	3092	2014	2014	169	1078	0	0	/lustre/elzd_2023_000111/zcb/mitocapture04/Pipeline/eMito_pipeline_v3_2/06_optional_modes/taxa/access/Antilocapra_americana__species_taxid_9891.taxa_specific.probe.assessed.fasta	0	Metazoa	Chordata	Mammalia	Artiodactyla	Antilocapridae	3261	61.760196258816315	0.0	33.05734437289175	5.182459368291934	0.0
Node: Antilocapridae	node	Antilocapra americana	9891	Antilocapra	0	0	0	0	0	0	0	3261	/lustre/elzd_2023_000111/zcb/mitocapture04/Pipeline/eMito_pipeline_v3_2/05_eMito_node_generate/probe_sets/Antilocapridae__family_taxid_9889.node_tiling.probe.fasta	1	Metazoa	Chordata	Mammalia	Artiodactyla	Antilocapridae	3261	0.0	0.0	0.0	0.0	100.0
Balaena mysticetus	taxa	Balaena mysticetus	27602	Balaena	4506	2098	1540	1540	2408	558	0	0	/lustre/elzd_2023_000111/zcb/mitocapture04/Pipeline/eMito_pipeline_v3_2/06_optional_modes/taxa/access/Balaena_mysticetus__species_taxid_27602.taxa_specific.probe.assessed.fasta	0	Metazoa	Chordata	Mammalia	Artiodactyla	Balaenidae	4506	34.17665335108744	0.0	12.383488681757656	53.4398579671549	0.0
Eubalaena australis	taxa	Eubalaena australis	160595	Eubalaena	4256	2123	1514	1514	2133	609	0	0	/lustre/elzd_2023_000111/zcb/mitocapture04/Pipeline/eMito_pipeline_v3_2/06_optional_modes/taxa/access/Eubalaena_australis__species_taxid_160595.taxa_specific.probe.assessed.fasta	0	Metazoa	Chordata	Mammalia	Artiodactyla	Balaenidae	4256	35.57330827067669	0.0	14.309210526315788	50.11748120300752	0.0
Eubalaena japonica	taxa	Eubalaena japonica	302098	Eubalaena	3938	2259	1573	1573	1679	686	0	0	/lustre/elzd_2023_000111/zcb/mitocapture04/Pipeline/eMito_pipeline_v3_2/06_optional_modes/taxa/access/Eubalaena_japonica__species_taxid_302098.taxa_specific.probe.assessed.fasta	0	Metazoa	Chordata	Mammalia	Artiodactyla	Balaenidae	3938	39.94413407821229	0.0	17.420010157440323	42.63585576434738	0.0
Node: Balaenidae	node	Eubalaena japonica	302098	Eubalaena	0	0	0	0	0	0	0	3267	/lustre/elzd_2023_000111/zcb/mitocapture04/Pipeline/eMito_pipeline_v3_2/05_eMito_node_generate/probe_sets/Balaenidae__family_taxid_30558.node_tiling.probe.fasta	1	Metazoa	Chordata	Mammalia	Artiodactyla	Balaenidae	3267	0.0	0.0	0.0	0.0	100.0
Balaenoptera acutorostrata	taxa	Balaenoptera acutorostrata	9767	Balaenoptera	3487	2730	1844	1844	757	886	0	0	/lustre/elzd_2023_000111/zcb/mitocapture04/Pipeline/eMito_pipeline_v3_2/06_optional_modes/taxa/access/Balaenoptera_acutorostrata__species_taxid_9767.taxa_specific.probe.assessed.fasta	0	Metazoa	Chordata	Mammalia	Artiodactyla	Balaenopteridae	3487	52.882133639231434	0.0	25.408660739891026	21.709205620877544	0.0
Balaenoptera bonaerensis	taxa	Balaenoptera bonaerensis	33556	Balaenoptera	3274	2958	1998	1998	316	960	0	0	/lustre/elzd_2023_000111/zcb/mitocapture04/Pipeline/eMito_pipeline_v3_2/06_optional_modes/taxa/access/Balaenoptera_bonaerensis__species_taxid_33556.taxa_specific.probe.assessed.fasta	0	Metazoa	Chordata	Mammalia	Artiodactyla	Balaenopteridae	3274	61.026267562614535	0.0	29.321930360415394	9.651802076970068	0.0
Node: Balaenopteridae	node	Balaenoptera bonaerensis	33556	Balaenoptera	0	0	0	0	0	0	0	3274	/lustre/elzd_2023_000111/zcb/mitocapture04/Pipeline/eMito_pipeline_v3_2/05_eMito_node_generate/probe_sets/Balaenopteridae__family_taxid_9765.node_tiling.probe.fasta	1	Metazoa	Chordata	Mammalia	Artiodactyla	Balaenopteridae	3274	0.0	0.0	0.0	0.0	100.0
Balaenoptera borealis	taxa	Balaenoptera borealis	9768	Balaenoptera	4202	1971	1390	1390	2231	581	0	0	/lustre/elzd_2023_000111/zcb/mitocapture04/Pipeline/eMito_pipeline_v3_2/06_optional_modes/taxa/access/Balaenoptera_borealis__species_taxid_9768.taxa_specific.probe.assessed.fasta	0	Metazoa	Chordata	Mammalia	Artiodactyla	Balaenopteridae	4202	33.079485959067114	0.0	13.826749167063305	53.09376487386959	0.0
Balaenoptera brydei	taxa	Balaenoptera brydei	255365	Balaenoptera	3548	2601	1779	1779	947	822	0	0	/lustre/elzd_2023_000111/zcb/mitocapture04/Pipeline/eMito_pipeline_v3_2/06_optional_modes/taxa/access/Balaenoptera_brydei__species_taxid_255365.taxa_specific.probe.assessed.fasta	0	Metazoa	Chordata	Mammalia	Artiodactyla	Balaenopteridae	3548	50.140924464487036	0.0	23.167981961668545	26.69109357384442	0.0
Balaenoptera edeni	taxa	Balaenoptera edeni	9769	Balaenoptera	3272	2846	1920	1920	426	926	0	0	/lustre/elzd_2023_000111/zcb/mitocapture04/Pipeline/eMito_pipeline_v3_2/06_optional_modes/taxa/access/Balaenoptera_edeni__species_taxid_9769.taxa_specific.probe.assessed.fasta	0	Metazoa	Chordata	Mammalia	Artiodactyla	Balaenopteridae	3272	58.679706601467	0.0	28.30073349633252	13.01955990220049	0.0
Balaenoptera musculus	taxa	Balaenoptera musculus	9771	Balaenoptera	3600	2712	1937	1937	888	775	0	0	/lustre/elzd_2023_000111/zcb/mitocapture04/Pipeline/eMito_pipeline_v3_2/06_optional_modes/taxa/access/Balaenoptera_musculus__species_taxid_9771.taxa_specific.probe.assessed.fasta	0	Metazoa	Chordata	Mammalia	Artiodactyla	Balaenopteridae	3600	53.80555555555555	0.0	21.52777777777778	24.666666666666668	0.0
Balaenoptera omurai	taxa	Balaenoptera omurai	255217	Balaenoptera	3447	2761	1788	1788	686	973	0	0	/lustre/elzd_2023_000111/zcb/mitocapture04/Pipeline/eMito_pipeline_v3_2/06_optional_modes/taxa/access/Balaenoptera_omurai__species_taxid_255217.taxa_specific.probe.assessed.fasta	0	Metazoa	Chordata	Mammalia	Artiodactyla	Balaenopteridae	3447	51.87119234116623	0.0	28.227444154337107	19.901363504496665	0.0
Balaenoptera physalus	taxa	Balaenoptera physalus	9770	Balaenoptera	4004	2719	1855	1855	1285	864	0	0	/lustre/elzd_2023_000111/zcb/mitocapture04/Pipeline/eMito_pipeline_v3_2/06_optional_modes/taxa/access/Balaenoptera_physalus__species_taxid_9770.taxa_specific.probe.assessed.fasta	0	Metazoa	Chordata	Mammalia	Artiodactyla	Balaenopteridae	4004	46.32867132867133	0.0	21.578421578421576	32.09290709290709	0.0
Megaptera novaeangliae	taxa	Megaptera novaeangliae	9773	Megaptera	3904	2578	1847	1847	1326	731	0	0	/lustre/elzd_2023_000111/zcb/mitocapture04/Pipeline/eMito_pipeline_v3_2/06_optional_modes/taxa/access/Megaptera_novaeangliae__species_taxid_9773.taxa_specific.probe.assessed.fasta	0	Metazoa	Chordata	Mammalia	Artiodactyla	Balaenopteridae	3904	47.31045081967213	0.0	18.72438524590164	33.96516393442623	0.0
Ammotragus lervia	taxa	Ammotragus lervia	9899	Ammotragus	6167	202	135	135	5965	67	0	0	/lustre/elzd_2023_000111/zcb/mitocapture04/Pipeline/eMito_pipeline_v3_2/06_optional_modes/taxa/access/Ammotragus_lervia__species_taxid_9899.taxa_specific.probe.assessed.fasta	0	Metazoa	Chordata	Mammalia	Artiodactyla	Bovidae	6167	2.189070861034539	0.0	1.0864277606615858	96.72450137830387	0.0
Antilope cervicapra	taxa	Antilope cervicapra	59525	Antilope	3655	2713	1670	1670	942	1043	0	0	/lustre/elzd_2023_000111/zcb/mitocapture04/Pipeline/eMito_pipeline_v3_2/06_optional_modes/taxa/access/Antilope_cervicapra__species_taxid_59525.taxa_specific.probe.assessed.fasta	0	Metazoa	Chordata	Mammalia	Artiodactyla	Bovidae	3655	45.690834473324216	0.0	28.53625170998632	25.772913816689467	0.0
Bison bison	taxa	Bison bison	9901	Bison	3634	2024	1153	1153	1610	871	0	0	/lustre/elzd_2023_000111/zcb/mitocapture04/Pipeline/eMito_pipeline_v3_2/06_optional_modes/taxa/access/Bison_bison__species_taxid_9901.taxa_specific.probe.assessed.fasta	0	Metazoa	Chordata	Mammalia	Artiodactyla	Bovidae	3634	31.72812328013209	0.0	23.968079251513483	44.303797468354425	0.0
Bison bonasus	taxa	Bison bonasus	9902	Bison	3953	2316	1380	1380	1637	936	0	0	/lustre/elzd_2023_000111/zcb/mitocapture04/Pipeline/eMito_pipeline_v3_2/06_optional_modes/taxa/access/Bison_bonasus__species_taxid_9902.taxa_specific.probe.assessed.fasta	0	Metazoa	Chordata	Mammalia	Artiodactyla	Bovidae	3953	34.910194788768024	0.0	23.67821907412092	41.41158613711106	0.0
Bison priscus	taxa	Bison priscus	268291	Bison	5310	1301	838	838	4009	463	0	0	/lustre/elzd_2023_000111/zcb/mitocapture04/Pipeline/eMito_pipeline_v3_2/06_optional_modes/taxa/access/Bison_priscus__species_taxid_268291.taxa_specific.probe.assessed.fasta	0	Metazoa	Chordata	Mammalia	Artiodactyla	Bovidae	5310	15.781544256120528	0.0	8.719397363465161	75.49905838041431	0.0
Bootherium bombifrons	taxa	Bootherium bombifrons	1922215	Bootherium	3948	1364	784	784	2584	580	0	0	/lustre/elzd_2023_000111/zcb/mitocapture04/Pipeline/eMito_pipeline_v3_2/06_optional_modes/taxa/access/Bootherium_bombifrons__species_taxid_1922215.taxa_specific.probe.assessed.fasta	0	Metazoa	Chordata	Mammalia	Artiodactyla	Bovidae	3948	19.858156028368796	0.0	14.69098277608916	65.45086119554205	0.0
Bos grunniens	taxa	Bos grunniens	30521	Bos	3771	2087	1194	1194	1684	893	0	0	/lustre/elzd_2023_000111/zcb/mitocapture04/Pipeline/eMito_pipeline_v3_2/06_optional_modes/taxa/access/Bos_grunniens__species_taxid_30521.taxa_specific.probe.assessed.fasta	0	Metazoa	Chordata	Mammalia	Artiodactyla	Bovidae	3771	31.66268894192522	0.0	23.68072129408645	44.65658976398833	0.0
Bos indicus	taxa	Bos indicus	9915	Bos	3780	2604	1544	1544	1176	1060	0	0	/lustre/elzd_2023_000111/zcb/mitocapture04/Pipeline/eMito_pipeline_v3_2/06_optional_modes/taxa/access/Bos_indicus__species_taxid_9915.taxa_specific.probe.assessed.fasta	0	Metazoa	Chordata	Mammalia	Artiodactyla	Bovidae	3780	40.84656084656085	0.0	28.04232804232804	31.11111111111111	0.0
Bos primigenius	taxa	Bos primigenius	9909	Bos	4562	2361	1465	1465	2201	896	0	0	/lustre/elzd_2023_000111/zcb/mitocapture04/Pipeline/eMito_pipeline_v3_2/06_optional_modes/taxa/access/Bos_primigenius__species_taxid_9909.taxa_specific.probe.assessed.fasta	0	Metazoa	Chordata	Mammalia	Artiodactyla	Bovidae	4562	32.113108285839544	0.0	19.640508548882067	48.24638316527839	0.0
Node: Bovidae	node	Bos primigenius	9909	Bos	0	0	0	0	0	0	0	3247	/lustre/elzd_2023_000111/zcb/mitocapture04/Pipeline/eMito_pipeline_v3_2/05_eMito_node_generate/probe_sets/Bovidae__family_taxid_9895.node_tiling.probe.fasta	1	Metazoa	Chordata	Mammalia	Artiodactyla	Bovidae	3247	0.0	0.0	0.0	0.0	100.0
Bos taurus	taxa	Bos taurus	9913	Bos	5835	2598	1551	1551	3237	1047	0	0	/lustre/elzd_2023_000111/zcb/mitocapture04/Pipeline/eMito_pipeline_v3_2/06_optional_modes/taxa/access/Bos_taurus__species_taxid_9913.taxa_specific.probe.assessed.fasta	0	Metazoa	Chordata	Mammalia	Artiodactyla	Bovidae	5835	26.580976863753214	0.0	17.943444730077122	55.47557840616967	0.0
Bubalus kerabau	taxa	Bubalus kerabau	3119969	Bubalus	3262	3023	2008	2008	239	1015	0	0	/lustre/elzd_2023_000111/zcb/mitocapture04/Pipeline/eMito_pipeline_v3_2/06_optional_modes/taxa/access/Bubalus_kerabau__species_taxid_3119969.taxa_specific.probe.assessed.fasta	0	Metazoa	Chordata	Mammalia	Artiodactyla	Bovidae	3262	61.557326793378294	0.0	31.115879828326182	7.326793378295523	0.0
Capra hircus	taxa	Capra hircus	9925	Capra	10030	2220	1355	1355	7810	865	0	0	/lustre/elzd_2023_000111/zcb/mitocapture04/Pipeline/eMito_pipeline_v3_2/06_optional_modes/taxa/access/Capra_hircus__species_taxid_9925.taxa_specific.probe.assessed.fasta	0	Metazoa	Chordata	Mammalia	Artiodactyla	Bovidae	10030	13.509471585244267	0.0	8.624127617148554	77.86640079760718	0.0
Capricornis crispus	taxa	Capricornis crispus	9966	Capricornis	3377	2835	1788	1788	542	1047	0	0	/lustre/elzd_2023_000111/zcb/mitocapture04/Pipeline/eMito_pipeline_v3_2/06_optional_modes/taxa/access/Capricornis_crispus__species_taxid_9966.taxa_specific.probe.assessed.fasta	0	Metazoa	Chordata	Mammalia	Artiodactyla	Bovidae	3377	52.94640213206988	0.0	31.003849570624816	16.0497482973053	0.0
Capricornis swinhoei	taxa	Capricornis swinhoei	34866	Capricornis	3295	2981	1848	1848	314	1133	0	0	/lustre/elzd_2023_000111/zcb/mitocapture04/Pipeline/eMito_pipeline_v3_2/06_optional_modes/taxa/access/Capricornis_swinhoei__species_taxid_34866.taxa_specific.probe.assessed.fasta	0	Metazoa	Chordata	Mammalia	Artiodactyla	Bovidae	3295	56.08497723823975	0.0	34.38543247344461	9.52959028831563	0.0
Oreamnos americanus	taxa	Oreamnos americanus	34873	Oreamnos	3311	3008	1715	1715	303	1293	0	0	/lustre/elzd_2023_000111/zcb/mitocapture04/Pipeline/eMito_pipeline_v3_2/06_optional_modes/taxa/access/Oreamnos_americanus__species_taxid_34873.taxa_specific.probe.assessed.fasta	0	Metazoa	Chordata	Mammalia	Artiodactyla	Bovidae	3311	51.79704016913319	0.0	39.051646028390216	9.151313802476594	0.0
Ovibos moschatus	taxa	Ovibos moschatus	37176	Ovibos	3324	2749	1710	1710	575	1039	0	0	/lustre/elzd_2023_000111/zcb/mitocapture04/Pipeline/eMito_pipeline_v3_2/06_optional_modes/taxa/access/Ovibos_moschatus__species_taxid_37176.taxa_specific.probe.assessed.fasta	0	Metazoa	Chordata	Mammalia	Artiodactyla	Bovidae	3324	51.44404332129964	0.0	31.257521058965104	17.29843561973526	0.0
Ovis aries	taxa	Ovis aries	9940	Ovis	9102	1845	1139	1139	7257	706	0	0	/lustre/elzd_2023_000111/zcb/mitocapture04/Pipeline/eMito_pipeline_v3_2/06_optional_modes/taxa/access/Ovis_aries__species_taxid_9940.taxa_specific.probe.assessed.fasta	0	Metazoa	Chordata	Mammalia	Artiodactyla	Bovidae	9102	12.513733245440562	0.0	7.756537024829707	79.72972972972973	0.0
Ovis canadensis	taxa	Ovis canadensis	37174	Ovis	3678	2557	1546	1546	1121	1011	0	0	/lustre/elzd_2023_000111/zcb/mitocapture04/Pipeline/eMito_pipeline_v3_2/06_optional_modes/taxa/access/Ovis_canadensis__species_taxid_37174.taxa_specific.probe.assessed.fasta	0	Metazoa	Chordata	Mammalia	Artiodactyla	Bovidae	3678	42.033713974986405	0.0	27.487765089722675	30.47852093529092	0.0
Pantholops hodgsonii	taxa	Pantholops hodgsonii	59538	Pantholops	3290	3003	1822	1822	287	1181	0	0	/lustre/elzd_2023_000111/zcb/mitocapture04/Pipeline/eMito_pipeline_v3_2/06_optional_modes/taxa/access/Pantholops_hodgsonii__species_taxid_59538.taxa_specific.probe.assessed.fasta	0	Metazoa	Chordata	Mammalia	Artiodactyla	Bovidae	3290	55.379939209726444	0.0	35.89665653495441	8.72340425531915	0.0
Saiga tatarica	taxa	Saiga tatarica	34875	Saiga	3765	2553	1342	1342	1212	1211	0	0	/lustre/elzd_2023_000111/zcb/mitocapture04/Pipeline/eMito_pipeline_v3_2/06_optional_modes/taxa/access/Saiga_tatarica__species_taxid_34875.taxa_specific.probe.assessed.fasta	0	Metazoa	Chordata	Mammalia	Artiodactyla	Bovidae	3765	35.644090305444884	0.0	32.16467463479415	32.191235059760956	0.0
Camelops cf. hesternus PDH-2015	taxa	Camelops cf. hesternus PDH-2015	1656233	Camelops	3242	3017	1926	1926	225	1091	0	0	/lustre/elzd_2023_000111/zcb/mitocapture04/Pipeline/eMito_pipeline_v3_2/06_optional_modes/taxa/access/Camelops_cf._hesternus_PDH-2015__species_taxid_1656233.taxa_specific.probe.assessed.fasta	0	Metazoa	Chordata	Mammalia	Artiodactyla	Camelidae	3242	59.40777297964219	0.0	33.65206662553979	6.9401603948180135	0.0
Camelus bactrianus	taxa	Camelus bactrianus	9837	Camelus	3421	3137	2017	2017	284	1120	0	0	/lustre/elzd_2023_000111/zcb/mitocapture04/Pipeline/eMito_pipeline_v3_2/06_optional_modes/taxa/access/Camelus_bactrianus__species_taxid_9837.taxa_specific.probe.assessed.fasta	0	Metazoa	Chordata	Mammalia	Artiodactyla	Camelidae	3421	58.95936860567086	0.0	32.73896521484946	8.301666179479685	0.0
Camelus dromedarius	taxa	Camelus dromedarius	9838	Camelus	4461	2196	1417	1417	2265	779	0	0	/lustre/elzd_2023_000111/zcb/mitocapture04/Pipeline/eMito_pipeline_v3_2/06_optional_modes/taxa/access/Camelus_dromedarius__species_taxid_9838.taxa_specific.probe.assessed.fasta	0	Metazoa	Chordata	Mammalia	Artiodactyla	Camelidae	4461	31.7641784353284	0.0	17.462452364940596	50.773369199731	0.0
Camelus ferus	taxa	Camelus ferus	419612	Camelus	3825	2777	1740	1740	1048	1037	0	0	/lustre/elzd_2023_000111/zcb/mitocapture04/Pipeline/eMito_pipeline_v3_2/06_optional_modes/taxa/access/Camelus_ferus__species_taxid_419612.taxa_specific.probe.assessed.fasta	0	Metazoa	Chordata	Mammalia	Artiodactyla	Camelidae	3825	45.490196078431374	0.0	27.111111111111114	27.398692810457515	0.0
Lama glama	taxa	Lama glama	9844	Lama	3293	2694	1733	1733	599	961	0	0	/lustre/elzd_2023_000111/zcb/mitocapture04/Pipeline/eMito_pipeline_v3_2/06_optional_modes/taxa/access/Lama_glama__species_taxid_9844.taxa_specific.probe.assessed.fasta	0	Metazoa	Chordata	Mammalia	Artiodactyla	Camelidae	3293	52.62678408745825	0.0	29.18311569996963	18.190100212572123	0.0
Lama guanicoe	taxa	Lama guanicoe	9840	Lama	3304	2633	1696	1696	671	937	0	0	/lustre/elzd_2023_000111/zcb/mitocapture04/Pipeline/eMito_pipeline_v3_2/06_optional_modes/taxa/access/Lama_guanicoe__species_taxid_9840.taxa_specific.probe.assessed.fasta	0	Metazoa	Chordata	Mammalia	Artiodactyla	Camelidae	3304	51.3317191283293	0.0	28.35956416464891	20.308716707021794	0.0
Vicugna pacos	taxa	Vicugna pacos	30538	Vicugna	8008	9	6	6	7999	3	0	0	/lustre/elzd_2023_000111/zcb/mitocapture04/Pipeline/eMito_pipeline_v3_2/06_optional_modes/taxa/access/Vicugna_pacos__species_taxid_30538.taxa_specific.probe.assessed.fasta	0	Metazoa	Chordata	Mammalia	Artiodactyla	Camelidae	8008	0.07492507492507493	0.0	0.037462537462537464	99.88761238761239	0.0
Vicugna vicugna	taxa	Vicugna vicugna	9843	Vicugna	3207	2560	1632	1632	647	928	0	0	/lustre/elzd_2023_000111/zcb/mitocapture04/Pipeline/eMito_pipeline_v3_2/06_optional_modes/taxa/access/Vicugna_vicugna__species_taxid_9843.taxa_specific.probe.assessed.fasta	0	Metazoa	Chordata	Mammalia	Artiodactyla	Camelidae	3207	50.88868101028999	0.0	28.936700966635488	20.174618023074526	0.0
Node: Camelidae	node	Vicugna vicugna	9843	Vicugna	0	0	0	0	0	0	0	3207	/lustre/elzd_2023_000111/zcb/mitocapture04/Pipeline/eMito_pipeline_v3_2/05_eMito_node_generate/probe_sets/Camelidae__family_taxid_9835.node_tiling.probe.fasta	1	Metazoa	Chordata	Mammalia	Artiodactyla	Camelidae	3207	0.0	0.0	0.0	0.0	100.0
Alces alces	taxa	Alces alces	9852	Alces	4751	2657	1248	1248	2094	1409	0	0	/lustre/elzd_2023_000111/zcb/mitocapture04/Pipeline/eMito_pipeline_v3_2/06_optional_modes/taxa/access/Alces_alces__species_taxid_9852.taxa_specific.probe.assessed.fasta	0	Metazoa	Chordata	Mammalia	Artiodactyla	Cervidae	4751	26.26815407282677	0.0	29.656914333824457	44.07493159334877	0.0
Cervus elaphus	taxa	Cervus elaphus	9860	Cervus	7740	1484	761	761	6256	723	0	0	/lustre/elzd_2023_000111/zcb/mitocapture04/Pipeline/eMito_pipeline_v3_2/06_optional_modes/taxa/access/Cervus_elaphus__species_taxid_9860.taxa_specific.probe.assessed.fasta	0	Metazoa	Chordata	Mammalia	Artiodactyla	Cervidae	7740	9.832041343669252	0.0	9.34108527131783	80.82687338501292	0.0
Elaphodus cephalophus	taxa	Elaphodus cephalophus	109298	Elaphodus	6838	1300	743	743	5538	557	0	0	/lustre/elzd_2023_000111/zcb/mitocapture04/Pipeline/eMito_pipeline_v3_2/06_optional_modes/taxa/access/Elaphodus_cephalophus__species_taxid_109298.taxa_specific.probe.assessed.fasta	0	Metazoa	Chordata	Mammalia	Artiodactyla	Cervidae	6838	10.865750219362386	0.0	8.145656624744078	80.98859315589354	0.0
Hydropotes inermis	taxa	Hydropotes inermis	9883	Hydropotes	4721	1898	831	831	2823	1067	0	0	/lustre/elzd_2023_000111/zcb/mitocapture04/Pipeline/eMito_pipeline_v3_2/06_optional_modes/taxa/access/Hydropotes_inermis__species_taxid_9883.taxa_specific.probe.assessed.fasta	0	Metazoa	Chordata	Mammalia	Artiodactyla	Cervidae	4721	17.602202923109513	0.0	22.601143825460706	59.796653251429774	0.0
Muntiacus crinifrons	taxa	Muntiacus crinifrons	71854	Muntiacus	3262	2949	1697	1697	313	1252	0	0	/lustre/elzd_2023_000111/zcb/mitocapture04/Pipeline/eMito_pipeline_v3_2/06_optional_modes/taxa/access/Muntiacus_crinifrons__species_taxid_71854.taxa_specific.probe.assessed.fasta	0	Metazoa	Chordata	Mammalia	Artiodactyla	Cervidae	3262	52.0232985898222	0.0	38.381361128142245	9.595340282035561	0.0
Muntiacus muntjak	taxa	Muntiacus muntjak	9888	Muntiacus	7164	1936	982	982	5228	954	0	0	/lustre/elzd_2023_000111/zcb/mitocapture04/Pipeline/eMito_pipeline_v3_2/06_optional_modes/taxa/access/Muntiacus_muntjak__species_taxid_9888.taxa_specific.probe.assessed.fasta	0	Metazoa	Chordata	Mammalia	Artiodactyla	Cervidae	7164	13.70742601898381	0.0	13.316582914572864	72.97599106644333	0.0
Node: Cervidae	node	Muntiacus muntjak	9888	Muntiacus	0	0	0	0	0	0	0	3261	/lustre/elzd_2023_000111/zcb/mitocapture04/Pipeline/eMito_pipeline_v3_2/05_eMito_node_generate/probe_sets/Cervidae__family_taxid_9850.node_tiling.probe.fasta	1	Metazoa	Chordata	Mammalia	Artiodactyla	Cervidae	3261	0.0	0.0	0.0	0.0	100.0
Muntiacus reevesi	taxa	Muntiacus reevesi	9886	Muntiacus	5051	2101	1127	1127	2950	974	0	0	/lustre/elzd_2023_000111/zcb/mitocapture04/Pipeline/eMito_pipeline_v3_2/06_optional_modes/taxa/access/Muntiacus_reevesi__species_taxid_9886.taxa_specific.probe.assessed.fasta	0	Metazoa	Chordata	Mammalia	Artiodactyla	Cervidae	5051	22.31241338348842	0.0	19.28331023559691	58.404276380914666	0.0
Odocoileus hemionus	taxa	Odocoileus hemionus	9872	Odocoileus	3287	2963	1368	1368	324	1595	0	0	/lustre/elzd_2023_000111/zcb/mitocapture04/Pipeline/eMito_pipeline_v3_2/06_optional_modes/taxa/access/Odocoileus_hemionus__species_taxid_9872.taxa_specific.probe.assessed.fasta	0	Metazoa	Chordata	Mammalia	Artiodactyla	Cervidae	3287	41.61849710982659	0.0	48.524490416793434	9.857012473379982	0.0
Odocoileus virginianus	taxa	Odocoileus virginianus	9874	Odocoileus	9184	815	425	425	8369	390	0	0	/lustre/elzd_2023_000111/zcb/mitocapture04/Pipeline/eMito_pipeline_v3_2/06_optional_modes/taxa/access/Odocoileus_virginianus__species_taxid_9874.taxa_specific.probe.assessed.fasta	0	Metazoa	Chordata	Mammalia	Artiodactyla	Cervidae	9184	4.6276132404181185	0.0	4.246515679442508	91.12587108013938	0.0
Rangifer tarandus	taxa	Rangifer tarandus	9870	Rangifer	5112	2384	1057	1057	2728	1327	0	0	/lustre/elzd_2023_000111/zcb/mitocapture04/Pipeline/eMito_pipeline_v3_2/06_optional_modes/taxa/access/Rangifer_tarandus__species_taxid_9870.taxa_specific.probe.assessed.fasta	0	Metazoa	Chordata	Mammalia	Artiodactyla	Cervidae	5112	20.676838810641627	0.0	25.9585289514867	53.36463223787168	0.0
Delphinus capensis	taxa	Delphinus capensis	103584	Delphinus	3267	1247	782	782	2020	465	0	0	/lustre/elzd_2023_000111/zcb/mitocapture04/Pipeline/eMito_pipeline_v3_2/06_optional_modes/taxa/access/Delphinus_capensis__species_taxid_103584.taxa_specific.probe.assessed.fasta	0	Metazoa	Chordata	Mammalia	Artiodactyla	Delphinidae	3267	23.936333027242117	0.0	14.23324150596878	61.83042546678911	0.0
Grampus griseus	taxa	Grampus griseus	83653	Grampus	3606	2451	1503	1503	1155	948	0	0	/lustre/elzd_2023_000111/zcb/mitocapture04/Pipeline/eMito_pipeline_v3_2/06_optional_modes/taxa/access/Grampus_griseus__species_taxid_83653.taxa_specific.probe.assessed.fasta	0	Metazoa	Chordata	Mammalia	Artiodactyla	Delphinidae	3606	41.68053244592346	0.0	26.28951747088186	32.02995008319468	0.0
Lagenorhynchus albirostris	taxa	Lagenorhynchus albirostris	27610	Lagenorhynchus	3574	2517	1520	1520	1057	997	0	0	/lustre/elzd_2023_000111/zcb/mitocapture04/Pipeline/eMito_pipeline_v3_2/06_optional_modes/taxa/access/Lagenorhynchus_albirostris__species_taxid_27610.taxa_specific.probe.assessed.fasta	0	Metazoa	Chordata	Mammalia	Artiodactyla	Delphinidae	3574	42.52937884722999	0.0	27.895914941242307	29.5747062115277	0.0
Node: Delphinidae	node	Lagenorhynchus albirostris	27610	Lagenorhynchus	0	0	0	0	0	0	0	3269	/lustre/elzd_2023_000111/zcb/mitocapture04/Pipeline/eMito_pipeline_v3_2/05_eMito_node_generate/probe_sets/Delphinidae__family_taxid_9726.node_tiling.probe.fasta	1	Metazoa	Chordata	Mammalia	Artiodactyla	Delphinidae	3269	0.0	0.0	0.0	0.0	100.0
Sousa chinensis	taxa	Sousa chinensis	103600	Sousa	3268	1878	1243	1243	1390	635	0	0	/lustre/elzd_2023_000111/zcb/mitocapture04/Pipeline/eMito_pipeline_v3_2/06_optional_modes/taxa/access/Sousa_chinensis__species_taxid_103600.taxa_specific.probe.assessed.fasta	0	Metazoa	Chordata	Mammalia	Artiodactyla	Delphinidae	3268	38.035495716034276	0.0	19.430844553243574	42.53365973072216	0.0
Stenella attenuata	taxa	Stenella attenuata	9735	Stenella	4070	1736	1097	1097	2334	639	0	0	/lustre/elzd_2023_000111/zcb/mitocapture04/Pipeline/eMito_pipeline_v3_2/06_optional_modes/taxa/access/Stenella_attenuata__species_taxid_9735.taxa_specific.probe.assessed.fasta	0	Metazoa	Chordata	Mammalia	Artiodactyla	Delphinidae	4070	26.953316953316953	0.0	15.700245700245699	57.34643734643735	0.0
Stenella coeruleoalba	taxa	Stenella coeruleoalba	9737	Stenella	3267	1235	840	840	2032	395	0	0	/lustre/elzd_2023_000111/zcb/mitocapture04/Pipeline/eMito_pipeline_v3_2/06_optional_modes/taxa/access/Stenella_coeruleoalba__species_taxid_9737.taxa_specific.probe.assessed.fasta	0	Metazoa	Chordata	Mammalia	Artiodactyla	Delphinidae	3267	25.71166207529844	0.0	12.090602999693909	62.19773492500765	0.0
Tursiops aduncus	taxa	Tursiops aduncus	79784	Tursiops	5916	429	304	304	5487	125	0	0	/lustre/elzd_2023_000111/zcb/mitocapture04/Pipeline/eMito_pipeline_v3_2/06_optional_modes/taxa/access/Tursiops_aduncus__species_taxid_79784.taxa_specific.probe.assessed.fasta	0	Metazoa	Chordata	Mammalia	Artiodactyla	Delphinidae	5916	5.138607167004733	0.0	2.1129141311697093	92.74847870182555	0.0
Tursiops truncatus	taxa	Tursiops truncatus	9739	Tursiops	4846	1258	813	813	3588	445	0	0	/lustre/elzd_2023_000111/zcb/mitocapture04/Pipeline/eMito_pipeline_v3_2/06_optional_modes/taxa/access/Tursiops_truncatus__species_taxid_9739.taxa_specific.probe.assessed.fasta	0	Metazoa	Chordata	Mammalia	Artiodactyla	Delphinidae	4846	16.776723070573667	0.0	9.182831200990508	74.04044572843583	0.0
Eschrichtius robustus	taxa	Eschrichtius robustus	9764	Eschrichtius	3780	2672	1898	1898	1108	774	0	0	/lustre/elzd_2023_000111/zcb/mitocapture04/Pipeline/eMito_pipeline_v3_2/06_optional_modes/taxa/access/Eschrichtius_robustus__species_taxid_9764.taxa_specific.probe.assessed.fasta	0	Metazoa	Chordata	Mammalia	Artiodactyla	Eschrichtiidae	3780	50.21164021164021	0.0	20.476190476190474	29.31216931216931	0.0
Node: Eschrichtiidae	node	Eschrichtius robustus	9764	Eschrichtius	0	0	0	0	0	0	0	3273	/lustre/elzd_2023_000111/zcb/mitocapture04/Pipeline/eMito_pipeline_v3_2/05_eMito_node_generate/probe_sets/Eschrichtiidae__family_taxid_9762.node_tiling.probe.fasta	1	Metazoa	Chordata	Mammalia	Artiodactyla	Eschrichtiidae	3273	0.0	0.0	0.0	0.0	100.0
Node: Giraffidae	node	Giraffa giraffa	439325	Giraffa	0	0	0	0	0	0	0	3266	/lustre/elzd_2023_000111/zcb/mitocapture04/Pipeline/eMito_pipeline_v3_2/05_eMito_node_generate/probe_sets/Giraffidae__family_taxid_9892.node_tiling.probe.fasta	1	Metazoa	Chordata	Mammalia	Artiodactyla	Giraffidae	3266	0.0	0.0	0.0	0.0	100.0
Hippopotamus amphibius	taxa	Hippopotamus amphibius	9833	Hippopotamus	4076	2377	1756	1756	1699	621	0	0	/lustre/elzd_2023_000111/zcb/mitocapture04/Pipeline/eMito_pipeline_v3_2/06_optional_modes/taxa/access/Hippopotamus_amphibius__species_taxid_9833.taxa_specific.probe.assessed.fasta	0	Metazoa	Chordata	Mammalia	Artiodactyla	Hippopotamidae	4076	43.08145240431796	0.0	15.235525024533858	41.683022571148186	0.0
Node: Hippopotamidae	node	Hippopotamus amphibius	9833	Hippopotamus	0	0	0	0	0	0	0	3272	/lustre/elzd_2023_000111/zcb/mitocapture04/Pipeline/eMito_pipeline_v3_2/05_eMito_node_generate/probe_sets/Hippopotamidae__family_taxid_9831.node_tiling.probe.fasta	1	Metazoa	Chordata	Mammalia	Artiodactyla	Hippopotamidae	3272	0.0	0.0	0.0	0.0	100.0
Inia geoffrensis	taxa	Inia geoffrensis	9725	Inia	3308	3152	2152	2152	156	1000	0	0	/lustre/elzd_2023_000111/zcb/mitocapture04/Pipeline/eMito_pipeline_v3_2/06_optional_modes/taxa/access/Inia_geoffrensis__species_taxid_9725.taxa_specific.probe.assessed.fasta	0	Metazoa	Chordata	Mammalia	Artiodactyla	Iniidae	3308	65.05441354292624	0.0	30.22974607013301	4.71584038694075	0.0
Node: Iniidae	node	Inia geoffrensis	9725	Inia	0	0	0	0	0	0	0	3308	/lustre/elzd_2023_000111/zcb/mitocapture04/Pipeline/eMito_pipeline_v3_2/05_eMito_node_generate/probe_sets/Iniidae__family_taxid_197540.node_tiling.probe.fasta	1	Metazoa	Chordata	Mammalia	Artiodactyla	Iniidae	3308	0.0	0.0	0.0	0.0	100.0
Lipotes vexillifer	taxa	Lipotes vexillifer	118797	Lipotes	3269	3086	1875	1875	183	1211	0	0	/lustre/elzd_2023_000111/zcb/mitocapture04/Pipeline/eMito_pipeline_v3_2/06_optional_modes/taxa/access/Lipotes_vexillifer__species_taxid_118797.taxa_specific.probe.assessed.fasta	0	Metazoa	Chordata	Mammalia	Artiodactyla	Lipotidae	3269	57.356989905169776	0.0	37.04496788008566	5.59804221474457	0.0
Node: Lipotidae	node	Lipotes vexillifer	118797	Lipotes	0	0	0	0	0	0	0	3269	/lustre/elzd_2023_000111/zcb/mitocapture04/Pipeline/eMito_pipeline_v3_2/05_eMito_node_generate/probe_sets/Lipotidae__family_taxid_119500.node_tiling.probe.fasta	1	Metazoa	Chordata	Mammalia	Artiodactyla	Lipotidae	3269	0.0	0.0	0.0	0.0	100.0
Delphinapterus leucas	taxa	Delphinapterus leucas	9749	Delphinapterus	3677	2818	1959	1959	859	859	0	0	/lustre/elzd_2023_000111/zcb/mitocapture04/Pipeline/eMito_pipeline_v3_2/06_optional_modes/taxa/access/Delphinapterus_leucas__species_taxid_9749.taxa_specific.probe.assessed.fasta	0	Metazoa	Chordata	Mammalia	Artiodactyla	Monodontidae	3677	53.27712809355452	0.0	23.36143595322274	23.36143595322274	0.0
Monodon monoceros	taxa	Monodon monoceros	40151	Monodon	3882	2603	1763	1763	1279	840	0	0	/lustre/elzd_2023_000111/zcb/mitocapture04/Pipeline/eMito_pipeline_v3_2/06_optional_modes/taxa/access/Monodon_monoceros__species_taxid_40151.taxa_specific.probe.assessed.fasta	0	Metazoa	Chordata	Mammalia	Artiodactyla	Monodontidae	3882	45.41473467284904	0.0	21.638330757341574	32.94693456980938	0.0
Node: Monodontidae	node	Monodon monoceros	40151	Monodon	0	0	0	0	0	0	0	3267	/lustre/elzd_2023_000111/zcb/mitocapture04/Pipeline/eMito_pipeline_v3_2/05_eMito_node_generate/probe_sets/Monodontidae__family_taxid_9747.node_tiling.probe.fasta	1	Metazoa	Chordata	Mammalia	Artiodactyla	Monodontidae	3267	0.0	0.0	0.0	0.0	100.0
Caperea marginata	taxa	Caperea marginata	27604	Caperea	3601	2663	1667	1667	938	996	0	0	/lustre/elzd_2023_000111/zcb/mitocapture04/Pipeline/eMito_pipeline_v3_2/06_optional_modes/taxa/access/Caperea_marginata__species_taxid_27604.taxa_specific.probe.assessed.fasta	0	Metazoa	Chordata	Mammalia	Artiodactyla	Neobalaenidae	3601	46.292696473201886	0.0	27.658983615662315	26.0483199111358	0.0
Node: Neobalaenidae	node	Caperea marginata	27604	Caperea	0	0	0	0	0	0	0	3267	/lustre/elzd_2023_000111/zcb/mitocapture04/Pipeline/eMito_pipeline_v3_2/05_eMito_node_generate/probe_sets/Neobalaenidae__family_taxid_226940.node_tiling.probe.fasta	1	Metazoa	Chordata	Mammalia	Artiodactyla	Neobalaenidae	3267	0.0	0.0	0.0	0.0	100.0
Phocoena phocoena	taxa	Phocoena phocoena	9742	Phocoena	5602	2683	1924	1924	2919	759	0	0	/lustre/elzd_2023_000111/zcb/mitocapture04/Pipeline/eMito_pipeline_v3_2/06_optional_modes/taxa/access/Phocoena_phocoena__species_taxid_9742.taxa_specific.probe.assessed.fasta	0	Metazoa	Chordata	Mammalia	Artiodactyla	Phocoenidae	5602	34.34487682970368	0.0	13.548732595501606	52.106390574794716	0.0
Node: Phocoenidae	node	Phocoena phocoena	9742	Phocoena	0	0	0	0	0	0	0	3267	/lustre/elzd_2023_000111/zcb/mitocapture04/Pipeline/eMito_pipeline_v3_2/05_eMito_node_generate/probe_sets/Phocoenidae__family_taxid_9740.node_tiling.probe.fasta	1	Metazoa	Chordata	Mammalia	Artiodactyla	Phocoenidae	3267	0.0	0.0	0.0	0.0	100.0
Kogia breviceps	taxa	Kogia breviceps	27615	Kogia	3271	3100	2274	2274	171	826	0	0	/lustre/elzd_2023_000111/zcb/mitocapture04/Pipeline/eMito_pipeline_v3_2/06_optional_modes/taxa/access/Kogia_breviceps__species_taxid_27615.taxa_specific.probe.assessed.fasta	0	Metazoa	Chordata	Mammalia	Artiodactyla	Physeteridae	3271	69.52002445735249	0.0	25.252216447569552	5.227759095077958	0.0
Node: Physeteridae	node	Kogia breviceps	27615	Kogia	0	0	0	0	0	0	0	3271	/lustre/elzd_2023_000111/zcb/mitocapture04/Pipeline/eMito_pipeline_v3_2/05_eMito_node_generate/probe_sets/Physeteridae__family_taxid_9750.node_tiling.probe.fasta	1	Metazoa	Chordata	Mammalia	Artiodactyla	Physeteridae	3271	0.0	0.0	0.0	0.0	100.0
Physeter macrocephalus	taxa	Physeter macrocephalus	9755	Physeter	3764	2900	2188	2188	864	712	0	0	/lustre/elzd_2023_000111/zcb/mitocapture04/Pipeline/eMito_pipeline_v3_2/06_optional_modes/taxa/access/Physeter_macrocephalus__species_taxid_9755.taxa_specific.probe.assessed.fasta	0	Metazoa	Chordata	Mammalia	Artiodactyla	Physeteridae	3764	58.12964930924548	0.0	18.91604675876727	22.954303931987248	0.0
Platanista minor	taxa	Platanista minor	48752	Platanista	3255	3125	2044	2044	130	1081	0	0	/lustre/elzd_2023_000111/zcb/mitocapture04/Pipeline/eMito_pipeline_v3_2/06_optional_modes/taxa/access/Platanista_minor__species_taxid_48752.taxa_specific.probe.assessed.fasta	0	Metazoa	Chordata	Mammalia	Artiodactyla	Platanistidae	3255	62.795698924731184	0.0	33.21044546850999	3.9938556067588324	0.0
Node: Platanistidae	node	Platanista minor	48752	Platanista	0	0	0	0	0	0	0	3255	/lustre/elzd_2023_000111/zcb/mitocapture04/Pipeline/eMito_pipeline_v3_2/05_eMito_node_generate/probe_sets/Platanistidae__family_taxid_9723.node_tiling.probe.fasta	1	Metazoa	Chordata	Mammalia	Artiodactyla	Platanistidae	3255	0.0	0.0	0.0	0.0	100.0
Pontoporia blainvillei	taxa	Pontoporia blainvillei	48723	Pontoporia	3309	3170	2107	2107	139	1063	0	0	/lustre/elzd_2023_000111/zcb/mitocapture04/Pipeline/eMito_pipeline_v3_2/06_optional_modes/taxa/access/Pontoporia_blainvillei__species_taxid_48723.taxa_specific.probe.assessed.fasta	0	Metazoa	Chordata	Mammalia	Artiodactyla	Pontoporiidae	3309	63.67482623148988	0.0	32.124508915080085	4.200664853430039	0.0
Node: Pontoporiidae	node	Pontoporia blainvillei	48723	Pontoporia	0	0	0	0	0	0	0	3309	/lustre/elzd_2023_000111/zcb/mitocapture04/Pipeline/eMito_pipeline_v3_2/05_eMito_node_generate/probe_sets/Pontoporiidae__family_taxid_197539.node_tiling.probe.fasta	1	Metazoa	Chordata	Mammalia	Artiodactyla	Pontoporiidae	3309	0.0	0.0	0.0	0.0	100.0
Phacochoerus africanus	taxa	Phacochoerus africanus	41426	Phacochoerus	3300	3124	1857	1857	176	1267	0	0	/lustre/elzd_2023_000111/zcb/mitocapture04/Pipeline/eMito_pipeline_v3_2/06_optional_modes/taxa/access/Phacochoerus_africanus__species_taxid_41426.taxa_specific.probe.assessed.fasta	0	Metazoa	Chordata	Mammalia	Artiodactyla	Suidae	3300	56.27272727272727	0.0	38.39393939393939	5.333333333333334	0.0
Sus scrofa	taxa	Sus scrofa	9823	Sus	5298	1678	1055	1055	3620	623	0	0	/lustre/elzd_2023_000111/zcb/mitocapture04/Pipeline/eMito_pipeline_v3_2/06_optional_modes/taxa/access/Sus_scrofa__species_taxid_9823.taxa_specific.probe.assessed.fasta	0	Metazoa	Chordata	Mammalia	Artiodactyla	Suidae	5298	19.913174782936956	0.0	11.759154397885995	68.32767081917704	0.0
Node: Suidae	node	Sus scrofa	9823	Sus	0	0	0	0	0	0	0	3344	/lustre/elzd_2023_000111/zcb/mitocapture04/Pipeline/eMito_pipeline_v3_2/05_eMito_node_generate/probe_sets/Suidae__family_taxid_9821.node_tiling.probe.fasta	1	Metazoa	Chordata	Mammalia	Artiodactyla	Suidae	3344	0.0	0.0	0.0	0.0	100.0
Dicotyles tajacu	taxa	Dicotyles tajacu	9829	Dicotyles	9093	377	301	301	8716	76	0	0	/lustre/elzd_2023_000111/zcb/mitocapture04/Pipeline/eMito_pipeline_v3_2/06_optional_modes/taxa/access/Dicotyles_tajacu__species_taxid_9829.taxa_specific.probe.assessed.fasta	0	Metazoa	Chordata	Mammalia	Artiodactyla	Tayassuidae	9093	3.3102386451116246	0.0	0.8358077642142306	95.85395359067415	0.0
Node: Tayassuidae	node	Dicotyles tajacu	9829	Dicotyles	0	0	0	0	0	0	0	3358	/lustre/elzd_2023_000111/zcb/mitocapture04/Pipeline/eMito_pipeline_v3_2/05_eMito_node_generate/probe_sets/Tayassuidae__family_taxid_9827.node_tiling.probe.fasta	1	Metazoa	Chordata	Mammalia	Artiodactyla	Tayassuidae	3358	0.0	0.0	0.0	0.0	100.0
Platygonus compressus	taxa	Platygonus compressus	1983451	Platygonus	3243	3150	2060	2060	93	1090	0	0	/lustre/elzd_2023_000111/zcb/mitocapture04/Pipeline/eMito_pipeline_v3_2/06_optional_modes/taxa/access/Platygonus_compressus__species_taxid_1983451.taxa_specific.probe.assessed.fasta	0	Metazoa	Chordata	Mammalia	Artiodactyla	Tayassuidae	3243	63.52143077397472	0.0	33.610854147394384	2.8677150786308974	0.0
Berardius bairdii	taxa	Berardius bairdii	48742	Berardius	3259	3081	2054	2054	178	1027	0	0	/lustre/elzd_2023_000111/zcb/mitocapture04/Pipeline/eMito_pipeline_v3_2/06_optional_modes/taxa/access/Berardius_bairdii__species_taxid_48742.taxa_specific.probe.assessed.fasta	0	Metazoa	Chordata	Mammalia	Artiodactyla	Ziphiidae	3259	63.025467934949376	0.0	31.512733967474688	5.461798097575944	0.0
Hyperoodon ampullatus	taxa	Hyperoodon ampullatus	48744	Hyperoodon	3809	2926	1875	1875	883	1051	0	0	/lustre/elzd_2023_000111/zcb/mitocapture04/Pipeline/eMito_pipeline_v3_2/06_optional_modes/taxa/access/Hyperoodon_ampullatus__species_taxid_48744.taxa_specific.probe.assessed.fasta	0	Metazoa	Chordata	Mammalia	Artiodactyla	Ziphiidae	3809	49.225518508794956	0.0	27.592543974796534	23.181937516408507	0.0
Node: Ziphiidae	node	Hyperoodon ampullatus	48744	Hyperoodon	0	0	0	0	0	0	0	3259	/lustre/elzd_2023_000111/zcb/mitocapture04/Pipeline/eMito_pipeline_v3_2/05_eMito_node_generate/probe_sets/Ziphiidae__family_taxid_9756.node_tiling.probe.fasta	1	Metazoa	Chordata	Mammalia	Artiodactyla	Ziphiidae	3259	0.0	0.0	0.0	0.0	100.0
Ailurus fulgens	taxa	Ailurus fulgens	9649	Ailurus	5330	1512	816	816	3818	696	0	0	/lustre/elzd_2023_000111/zcb/mitocapture04/Pipeline/eMito_pipeline_v3_2/06_optional_modes/taxa/access/Ailurus_fulgens__species_taxid_9649.taxa_specific.probe.assessed.fasta	0	Metazoa	Chordata	Mammalia	Carnivora	Ailuridae	5330	15.309568480300188	0.0	13.058161350844276	71.63227016885554	0.0
Ailurus styani	taxa	Ailurus styani	424585	Ailurus	3265	3155	1609	1609	110	1546	0	0	/lustre/elzd_2023_000111/zcb/mitocapture04/Pipeline/eMito_pipeline_v3_2/06_optional_modes/taxa/access/Ailurus_styani__species_taxid_424585.taxa_specific.probe.assessed.fasta	0	Metazoa	Chordata	Mammalia	Carnivora	Ailuridae	3265	49.2802450229709	0.0	47.35068912710567	3.3690658499234303	0.0
Node: Ailuridae	node	Ailurus styani	424585	Ailurus	0	0	0	0	0	0	0	3265	/lustre/elzd_2023_000111/zcb/mitocapture04/Pipeline/eMito_pipeline_v3_2/05_eMito_node_generate/probe_sets/Ailuridae__family_taxid_379582.node_tiling.probe.fasta	1	Metazoa	Chordata	Mammalia	Carnivora	Ailuridae	3265	0.0	0.0	0.0	0.0	100.0
Canis latrans	taxa	Canis latrans	9614	Canis	3984	2889	1778	1778	1095	1111	0	0	/lustre/elzd_2023_000111/zcb/mitocapture04/Pipeline/eMito_pipeline_v3_2/06_optional_modes/taxa/access/Canis_latrans__species_taxid_9614.taxa_specific.probe.assessed.fasta	0	Metazoa	Chordata	Mammalia	Carnivora	Canidae	3984	44.6285140562249	0.0	27.886546184738958	27.48493975903614	0.0
Canis lupus	taxa	Canis lupus	9612	Canis	7146	832	528	528	6314	304	0	0	/lustre/elzd_2023_000111/zcb/mitocapture04/Pipeline/eMito_pipeline_v3_2/06_optional_modes/taxa/access/Canis_lupus__species_taxid_9612.taxa_specific.probe.assessed.fasta	0	Metazoa	Chordata	Mammalia	Carnivora	Canidae	7146	7.388748950461797	0.0	4.254128183599216	88.35712286593899	0.0
Node: Canidae	node	Canis lupus	9612	Canis	0	0	0	0	0	0	0	3311	/lustre/elzd_2023_000111/zcb/mitocapture04/Pipeline/eMito_pipeline_v3_2/05_eMito_node_generate/probe_sets/Canidae__family_taxid_9608.node_tiling.probe.fasta	1	Metazoa	Chordata	Mammalia	Carnivora	Canidae	3311	0.0	0.0	0.0	0.0	100.0
Cuon alpinus	taxa	Cuon alpinus	68730	Cuon	4008	2467	1450	1450	1541	1017	0	0	/lustre/elzd_2023_000111/zcb/mitocapture04/Pipeline/eMito_pipeline_v3_2/06_optional_modes/taxa/access/Cuon_alpinus__species_taxid_68730.taxa_specific.probe.assessed.fasta	0	Metazoa	Chordata	Mammalia	Carnivora	Canidae	4008	36.177644710578846	0.0	25.37425149700599	38.44810379241517	0.0
Vulpes lagopus	taxa	Vulpes lagopus	494514	Vulpes	4116	2588	1743	1743	1528	845	0	0	/lustre/elzd_2023_000111/zcb/mitocapture04/Pipeline/eMito_pipeline_v3_2/06_optional_modes/taxa/access/Vulpes_lagopus__species_taxid_494514.taxa_specific.probe.assessed.fasta	0	Metazoa	Chordata	Mammalia	Carnivora	Canidae	4116	42.3469387755102	0.0	20.52964042759961	37.12342079689018	0.0
Vulpes vulpes	taxa	Vulpes vulpes	9627	Vulpes	6479	2334	1595	1595	4145	739	0	0	/lustre/elzd_2023_000111/zcb/mitocapture04/Pipeline/eMito_pipeline_v3_2/06_optional_modes/taxa/access/Vulpes_vulpes__species_taxid_9627.taxa_specific.probe.assessed.fasta	0	Metazoa	Chordata	Mammalia	Carnivora	Canidae	6479	24.61799660441426	0.0	11.406081185368112	63.975922210217625	0.0
Acinonyx jubatus	taxa	Acinonyx jubatus	32536	Acinonyx	4171	2816	1593	1593	1355	1223	0	0	/lustre/elzd_2023_000111/zcb/mitocapture04/Pipeline/eMito_pipeline_v3_2/06_optional_modes/taxa/access/Acinonyx_jubatus__species_taxid_32536.taxa_specific.probe.assessed.fasta	0	Metazoa	Chordata	Mammalia	Carnivora	Felidae	4171	38.19228002877008	0.0	29.321505634140493	32.48621433708942	0.0
Felis catus	taxa	Felis catus	9685	Felis	5263	1992	1303	1303	3271	689	0	0	/lustre/elzd_2023_000111/zcb/mitocapture04/Pipeline/eMito_pipeline_v3_2/06_optional_modes/taxa/access/Felis_catus__species_taxid_9685.taxa_specific.probe.assessed.fasta	0	Metazoa	Chordata	Mammalia	Carnivora	Felidae	5263	24.75774273228197	0.0	13.091392741782254	62.15086452593578	0.0
Homotherium latidens	taxa	Homotherium latidens	2048657	Homotherium	2164	1225	702	702	939	523	0	0	/lustre/elzd_2023_000111/zcb/mitocapture04/Pipeline/eMito_pipeline_v3_2/06_optional_modes/taxa/access/Homotherium_latidens__species_taxid_2048657.taxa_specific.probe.assessed.fasta	0	Metazoa	Chordata	Mammalia	Carnivora	Felidae	2164	32.43992606284658	0.0	24.168207024029577	43.39186691312384	0.0
Lynx canadensis	taxa	Lynx canadensis	61383	Lynx	3323	2919	1939	1939	404	980	0	0	/lustre/elzd_2023_000111/zcb/mitocapture04/Pipeline/eMito_pipeline_v3_2/06_optional_modes/taxa/access/Lynx_canadensis__species_taxid_61383.taxa_specific.probe.assessed.fasta	0	Metazoa	Chordata	Mammalia	Carnivora	Felidae	3323	58.3508877520313	0.0	29.491423412578992	12.157688835389708	0.0
Lynx rufus	taxa	Lynx rufus	61384	Lynx	4636	1757	1206	1206	2879	551	0	0	/lustre/elzd_2023_000111/zcb/mitocapture04/Pipeline/eMito_pipeline_v3_2/06_optional_modes/taxa/access/Lynx_rufus__species_taxid_61384.taxa_specific.probe.assessed.fasta	0	Metazoa	Chordata	Mammalia	Carnivora	Felidae	4636	26.01380500431406	0.0	11.885245901639344	62.100949094046584	0.0
Neofelis nebulosa	taxa	Neofelis nebulosa	61452	Neofelis	4412	2538	1650	1650	1874	888	0	0	/lustre/elzd_2023_000111/zcb/mitocapture04/Pipeline/eMito_pipeline_v3_2/06_optional_modes/taxa/access/Neofelis_nebulosa__species_taxid_61452.taxa_specific.probe.assessed.fasta	0	Metazoa	Chordata	Mammalia	Carnivora	Felidae	4412	37.39800543970988	0.0	20.12692656391659	42.475067996373525	0.0
Panthera leo	taxa	Panthera leo	9689	Panthera	5704	2132	1405	1405	3572	727	0	0	/lustre/elzd_2023_000111/zcb/mitocapture04/Pipeline/eMito_pipeline_v3_2/06_optional_modes/taxa/access/Panthera_leo__species_taxid_9689.taxa_specific.probe.assessed.fasta	0	Metazoa	Chordata	Mammalia	Carnivora	Felidae	5704	24.631837307152875	0.0	12.745441795231416	62.622720897615714	0.0
Panthera onca	taxa	Panthera onca	9690	Panthera	5196	1726	1140	1140	3470	586	0	0	/lustre/elzd_2023_000111/zcb/mitocapture04/Pipeline/eMito_pipeline_v3_2/06_optional_modes/taxa/access/Panthera_onca__species_taxid_9690.taxa_specific.probe.assessed.fasta	0	Metazoa	Chordata	Mammalia	Carnivora	Felidae	5196	21.939953810623557	0.0	11.277906081601232	66.7821401077752	0.0
Node: Felidae	node	Panthera onca	9690	Panthera	0	0	0	0	0	0	0	3400	/lustre/elzd_2023_000111/zcb/mitocapture04/Pipeline/eMito_pipeline_v3_2/05_eMito_node_generate/probe_sets/Felidae__family_taxid_9681.node_tiling.probe.fasta	1	Metazoa	Chordata	Mammalia	Carnivora	Felidae	3400	0.0	0.0	0.0	0.0	100.0
Panthera pardus	taxa	Panthera pardus	9691	Panthera	9546	790	501	501	8756	289	0	0	/lustre/elzd_2023_000111/zcb/mitocapture04/Pipeline/eMito_pipeline_v3_2/06_optional_modes/taxa/access/Panthera_pardus__species_taxid_9691.taxa_specific.probe.assessed.fasta	0	Metazoa	Chordata	Mammalia	Carnivora	Felidae	9546	5.248271527341295	0.0	3.0274460507018643	91.72428242195684	0.0
Panthera spelaea	taxa	Panthera spelaea	2770979	Panthera	4503	2737	1867	1867	1766	870	0	0	/lustre/elzd_2023_000111/zcb/mitocapture04/Pipeline/eMito_pipeline_v3_2/06_optional_modes/taxa/access/Panthera_spelaea__species_taxid_2770979.taxa_specific.probe.assessed.fasta	0	Metazoa	Chordata	Mammalia	Carnivora	Felidae	4503	41.461248056850984	0.0	19.32045303131246	39.218298911836555	0.0
Panthera tigris	taxa	Panthera tigris	9694	Panthera	5636	2299	1511	1511	3337	788	0	0	/lustre/elzd_2023_000111/zcb/mitocapture04/Pipeline/eMito_pipeline_v3_2/06_optional_modes/taxa/access/Panthera_tigris__species_taxid_9694.taxa_specific.probe.assessed.fasta	0	Metazoa	Chordata	Mammalia	Carnivora	Felidae	5636	26.809794180269698	0.0	13.981547196593327	59.20865862313698	0.0
Panthera uncia	taxa	Panthera uncia	29064	Panthera	4351	3059	1957	1957	1292	1102	0	0	/lustre/elzd_2023_000111/zcb/mitocapture04/Pipeline/eMito_pipeline_v3_2/06_optional_modes/taxa/access/Panthera_uncia__species_taxid_29064.taxa_specific.probe.assessed.fasta	0	Metazoa	Chordata	Mammalia	Carnivora	Felidae	4351	44.97816593886463	0.0	25.327510917030565	29.694323144104807	0.0
Puma concolor	taxa	Puma concolor	9696	Puma	5031	2264	1450	1450	2767	814	0	0	/lustre/elzd_2023_000111/zcb/mitocapture04/Pipeline/eMito_pipeline_v3_2/06_optional_modes/taxa/access/Puma_concolor__species_taxid_9696.taxa_specific.probe.assessed.fasta	0	Metazoa	Chordata	Mammalia	Carnivora	Felidae	5031	28.82130789107533	0.0	16.17968594712781	54.999006161796856	0.0
Smilodon populator	taxa	Smilodon populator	339609	Smilodon	2642	2467	1496	1496	175	971	0	0	/lustre/elzd_2023_000111/zcb/mitocapture04/Pipeline/eMito_pipeline_v3_2/06_optional_modes/taxa/access/Smilodon_populator__species_taxid_339609.taxa_specific.probe.assessed.fasta	0	Metazoa	Chordata	Mammalia	Carnivora	Felidae	2642	56.62376987130961	0.0	36.75246025738077	6.623769871309613	0.0
Urva javanica	taxa	Urva javanica	140016	Urva	9111	508	318	318	8603	190	0	0	/lustre/elzd_2023_000111/zcb/mitocapture04/Pipeline/eMito_pipeline_v3_2/06_optional_modes/taxa/access/Urva_javanica__species_taxid_140016.taxa_specific.probe.assessed.fasta	0	Metazoa	Chordata	Mammalia	Carnivora	Herpestidae	9111	3.4902864669081333	0.0	2.0853912852595764	94.4243222478323	0.0
Node: Herpestidae	node	Urva javanica	140016	Urva	0	0	0	0	0	0	0	3291	/lustre/elzd_2023_000111/zcb/mitocapture04/Pipeline/eMito_pipeline_v3_2/05_eMito_node_generate/probe_sets/Herpestidae__family_taxid_9697.node_tiling.probe.fasta	1	Metazoa	Chordata	Mammalia	Carnivora	Herpestidae	3291	0.0	0.0	0.0	0.0	100.0
Mephitis mephitis	taxa	Mephitis mephitis	30548	Mephitis	3290	3125	1475	1475	165	1650	0	0	/lustre/elzd_2023_000111/zcb/mitocapture04/Pipeline/eMito_pipeline_v3_2/06_optional_modes/taxa/access/Mephitis_mephitis__species_taxid_30548.taxa_specific.probe.assessed.fasta	0	Metazoa	Chordata	Mammalia	Carnivora	Mephitidae	3290	44.83282674772037	0.0	50.15197568389058	5.015197568389058	0.0
Node: Mephitidae	node	Mephitis mephitis	30548	Mephitis	0	0	0	0	0	0	0	3298	/lustre/elzd_2023_000111/zcb/mitocapture04/Pipeline/eMito_pipeline_v3_2/05_eMito_node_generate/probe_sets/Mephitidae__family_taxid_119825.node_tiling.probe.fasta	1	Metazoa	Chordata	Mammalia	Carnivora	Mephitidae	3298	0.0	0.0	0.0	0.0	100.0
Spilogale putorius	taxa	Spilogale putorius	30552	Spilogale	7564	1775	865	865	5789	910	0	0	/lustre/elzd_2023_000111/zcb/mitocapture04/Pipeline/eMito_pipeline_v3_2/06_optional_modes/taxa/access/Spilogale_putorius__species_taxid_30552.taxa_specific.probe.assessed.fasta	0	Metazoa	Chordata	Mammalia	Carnivora	Mephitidae	7564	11.435748281332629	0.0	12.030671602326812	76.53358011634056	0.0
Enhydra lutris	taxa	Enhydra lutris	34882	Enhydra	3260	3043	1880	1880	217	1163	0	0	/lustre/elzd_2023_000111/zcb/mitocapture04/Pipeline/eMito_pipeline_v3_2/06_optional_modes/taxa/access/Enhydra_lutris__species_taxid_34882.taxa_specific.probe.assessed.fasta	0	Metazoa	Chordata	Mammalia	Carnivora	Mustelidae	3260	57.668711656441715	0.0	35.67484662576687	6.656441717791411	0.0
Gulo gulo	taxa	Gulo gulo	48420	Gulo	4205	2205	1513	1513	2000	692	0	0	/lustre/elzd_2023_000111/zcb/mitocapture04/Pipeline/eMito_pipeline_v3_2/06_optional_modes/taxa/access/Gulo_gulo__species_taxid_48420.taxa_specific.probe.assessed.fasta	0	Metazoa	Chordata	Mammalia	Carnivora	Mustelidae	4205	35.980975029726515	0.0	16.456599286563613	47.56242568370987	0.0
Lutra lutra	taxa	Lutra lutra	9657	Lutra	4558	2877	1993	1993	1681	884	0	0	/lustre/elzd_2023_000111/zcb/mitocapture04/Pipeline/eMito_pipeline_v3_2/06_optional_modes/taxa/access/Lutra_lutra__species_taxid_9657.taxa_specific.probe.assessed.fasta	0	Metazoa	Chordata	Mammalia	Carnivora	Mustelidae	4558	43.72531812198333	0.0	19.394471259324263	36.88021061869241	0.0
Martes americana	taxa	Martes americana	9660	Martes	3821	2887	2035	2035	934	852	0	0	/lustre/elzd_2023_000111/zcb/mitocapture04/Pipeline/eMito_pipeline_v3_2/06_optional_modes/taxa/access/Martes_americana__species_taxid_9660.taxa_specific.probe.assessed.fasta	0	Metazoa	Chordata	Mammalia	Carnivora	Mustelidae	3821	53.2583093431039	0.0	22.297827793771262	24.44386286312484	0.0
Martes flavigula	taxa	Martes flavigula	74864	Martes	4056	2818	1813	1813	1238	1005	0	0	/lustre/elzd_2023_000111/zcb/mitocapture04/Pipeline/eMito_pipeline_v3_2/06_optional_modes/taxa/access/Martes_flavigula__species_taxid_74864.taxa_specific.probe.assessed.fasta	0	Metazoa	Chordata	Mammalia	Carnivora	Mustelidae	4056	44.69921104536489	0.0	24.778106508875737	30.52268244575937	0.0
Martes melampus	taxa	Martes melampus	36721	Martes	3260	2986	2144	2144	274	842	0	0	/lustre/elzd_2023_000111/zcb/mitocapture04/Pipeline/eMito_pipeline_v3_2/06_optional_modes/taxa/access/Martes_melampus__species_taxid_36721.taxa_specific.probe.assessed.fasta	0	Metazoa	Chordata	Mammalia	Carnivora	Mustelidae	3260	65.76687116564418	0.0	25.828220858895705	8.404907975460123	0.0
Martes zibellina	taxa	Martes zibellina	36722	Martes	5352	1988	1400	1400	3364	588	0	0	/lustre/elzd_2023_000111/zcb/mitocapture04/Pipeline/eMito_pipeline_v3_2/06_optional_modes/taxa/access/Martes_zibellina__species_taxid_36722.taxa_specific.probe.assessed.fasta	0	Metazoa	Chordata	Mammalia	Carnivora	Mustelidae	5352	26.15844544095665	0.0	10.986547085201794	62.85500747384155	0.0
Meles anakuma	taxa	Meles anakuma	191034	Meles	3258	3050	1668	1668	208	1382	0	0	/lustre/elzd_2023_000111/zcb/mitocapture04/Pipeline/eMito_pipeline_v3_2/06_optional_modes/taxa/access/Meles_anakuma__species_taxid_191034.taxa_specific.probe.assessed.fasta	0	Metazoa	Chordata	Mammalia	Carnivora	Mustelidae	3258	51.19705340699816	0.0	42.418661755678336	6.384284837323512	0.0
Meles meles	taxa	Meles meles	9662	Meles	3777	2549	1443	1443	1228	1106	0	0	/lustre/elzd_2023_000111/zcb/mitocapture04/Pipeline/eMito_pipeline_v3_2/06_optional_modes/taxa/access/Meles_meles__species_taxid_9662.taxa_specific.probe.assessed.fasta	0	Metazoa	Chordata	Mammalia	Carnivora	Mustelidae	3777	38.20492454328833	0.0	29.282499338099022	32.51257611861266	0.0
Mustela erminea	taxa	Mustela erminea	36723	Mustela	4668	2545	1620	1620	2123	925	0	0	/lustre/elzd_2023_000111/zcb/mitocapture04/Pipeline/eMito_pipeline_v3_2/06_optional_modes/taxa/access/Mustela_erminea__species_taxid_36723.taxa_specific.probe.assessed.fasta	0	Metazoa	Chordata	Mammalia	Carnivora	Mustelidae	4668	34.70437017994858	0.0	19.815766923736074	45.47986289631534	0.0
Mustela nigripes	taxa	Mustela nigripes	77151	Mustela	3268	3016	1847	1847	252	1169	0	0	/lustre/elzd_2023_000111/zcb/mitocapture04/Pipeline/eMito_pipeline_v3_2/06_optional_modes/taxa/access/Mustela_nigripes__species_taxid_77151.taxa_specific.probe.assessed.fasta	0	Metazoa	Chordata	Mammalia	Carnivora	Mustelidae	3268	56.51774785801713	0.0	35.77111383108935	7.711138310893513	0.0
Node: Mustelidae	node	Mustela nigripes	77151	Mustela	0	0	0	0	0	0	0	3301	/lustre/elzd_2023_000111/zcb/mitocapture04/Pipeline/eMito_pipeline_v3_2/05_eMito_node_generate/probe_sets/Mustelidae__family_taxid_9655.node_tiling.probe.fasta	1	Metazoa	Chordata	Mammalia	Carnivora	Mustelidae	3301	0.0	0.0	0.0	0.0	100.0
Mustela nivalis	taxa	Mustela nivalis	36239	Mustela	4255	2946	1813	1813	1309	1133	0	0	/lustre/elzd_2023_000111/zcb/mitocapture04/Pipeline/eMito_pipeline_v3_2/06_optional_modes/taxa/access/Mustela_nivalis__species_taxid_36239.taxa_specific.probe.assessed.fasta	0	Metazoa	Chordata	Mammalia	Carnivora	Mustelidae	4255	42.608695652173914	0.0	26.62749706227967	30.76380728554642	0.0
Neogale vison	taxa	Neogale vison	452646	Neogale	4191	2332	1354	1354	1859	978	0	0	/lustre/elzd_2023_000111/zcb/mitocapture04/Pipeline/eMito_pipeline_v3_2/06_optional_modes/taxa/access/Neogale_vison__species_taxid_452646.taxa_specific.probe.assessed.fasta	0	Metazoa	Chordata	Mammalia	Carnivora	Mustelidae	4191	32.30732522071105	0.0	23.335719398711525	44.35695538057743	0.0
Pekania pennanti	taxa	Pekania pennanti	76720	Pekania	3413	2873	2061	2061	540	812	0	0	/lustre/elzd_2023_000111/zcb/mitocapture04/Pipeline/eMito_pipeline_v3_2/06_optional_modes/taxa/access/Pekania_pennanti__species_taxid_76720.taxa_specific.probe.assessed.fasta	0	Metazoa	Chordata	Mammalia	Carnivora	Mustelidae	3413	60.38675651919133	0.0	23.7913858775271	15.82185760328157	0.0
Taxidea taxus	taxa	Taxidea taxus	30554	Taxidea	3275	3101	1955	1955	174	1146	0	0	/lustre/elzd_2023_000111/zcb/mitocapture04/Pipeline/eMito_pipeline_v3_2/06_optional_modes/taxa/access/Taxidea_taxus__species_taxid_30554.taxa_specific.probe.assessed.fasta	0	Metazoa	Chordata	Mammalia	Carnivora	Mustelidae	3275	59.69465648854961	0.0	34.99236641221374	5.312977099236641	0.0
Node: Odobenidae	node	Odobenus rosmarus	9707	Odobenus	0	0	0	0	0	0	0	3303	/lustre/elzd_2023_000111/zcb/mitocapture04/Pipeline/eMito_pipeline_v3_2/05_eMito_node_generate/probe_sets/Odobenidae__family_taxid_9705.node_tiling.probe.fasta	1	Metazoa	Chordata	Mammalia	Carnivora	Odobenidae	3303	0.0	0.0	0.0	0.0	100.0
Arctocephalus forsteri	taxa	Arctocephalus forsteri	29084	Arctocephalus	5611	793	601	601	4818	192	0	0	/lustre/elzd_2023_000111/zcb/mitocapture04/Pipeline/eMito_pipeline_v3_2/06_optional_modes/taxa/access/Arctocephalus_forsteri__species_taxid_29084.taxa_specific.probe.assessed.fasta	0	Metazoa	Chordata	Mammalia	Carnivora	Otariidae	5611	10.71110319016218	0.0	3.421849937622527	85.8670468722153	0.0
Arctocephalus pusillus	taxa	Arctocephalus pusillus	37191	Arctocephalus	3293	2744	1798	1798	549	946	0	0	/lustre/elzd_2023_000111/zcb/mitocapture04/Pipeline/eMito_pipeline_v3_2/06_optional_modes/taxa/access/Arctocephalus_pusillus__species_taxid_37191.taxa_specific.probe.assessed.fasta	0	Metazoa	Chordata	Mammalia	Carnivora	Otariidae	3293	54.60066808381415	0.0	28.727604008502883	16.671727907682964	0.0
Arctocephalus townsendi	taxa	Arctocephalus townsendi	161921	Arctocephalus	3289	2837	2007	2007	452	830	0	0	/lustre/elzd_2023_000111/zcb/mitocapture04/Pipeline/eMito_pipeline_v3_2/06_optional_modes/taxa/access/Arctocephalus_townsendi__species_taxid_161921.taxa_specific.probe.assessed.fasta	0	Metazoa	Chordata	Mammalia	Carnivora	Otariidae	3289	61.02158710854363	0.0	25.235633931286106	13.742778960170266	0.0
Callorhinus ursinus	taxa	Callorhinus ursinus	34884	Callorhinus	4099	2261	1345	1345	1838	916	0	0	/lustre/elzd_2023_000111/zcb/mitocapture04/Pipeline/eMito_pipeline_v3_2/06_optional_modes/taxa/access/Callorhinus_ursinus__species_taxid_34884.taxa_specific.probe.assessed.fasta	0	Metazoa	Chordata	Mammalia	Carnivora	Otariidae	4099	32.81288119053428	0.0	22.346913881434496	44.84020492803123	0.0
Eumetopias jubatus	taxa	Eumetopias jubatus	34886	Eumetopias	3882	2469	1573	1573	1413	896	0	0	/lustre/elzd_2023_000111/zcb/mitocapture04/Pipeline/eMito_pipeline_v3_2/06_optional_modes/taxa/access/Eumetopias_jubatus__species_taxid_34886.taxa_specific.probe.assessed.fasta	0	Metazoa	Chordata	Mammalia	Carnivora	Otariidae	3882	40.52035033487893	0.0	23.08088614116435	36.398763523956724	0.0
Node: Otariidae	node	Eumetopias jubatus	34886	Eumetopias	0	0	0	0	0	0	0	3318	/lustre/elzd_2023_000111/zcb/mitocapture04/Pipeline/eMito_pipeline_v3_2/05_eMito_node_generate/probe_sets/Otariidae__family_taxid_9702.node_tiling.probe.fasta	1	Metazoa	Chordata	Mammalia	Carnivora	Otariidae	3318	0.0	0.0	0.0	0.0	100.0
Neophoca cinerea	taxa	Neophoca cinerea	161930	Neophoca	3337	2730	1864	1864	607	866	0	0	/lustre/elzd_2023_000111/zcb/mitocapture04/Pipeline/eMito_pipeline_v3_2/06_optional_modes/taxa/access/Neophoca_cinerea__species_taxid_161930.taxa_specific.probe.assessed.fasta	0	Metazoa	Chordata	Mammalia	Carnivora	Otariidae	3337	55.85855558885227	0.0	25.951453401258618	18.189991009889123	0.0
Phocarctos hookeri	taxa	Phocarctos hookeri	34888	Phocarctos	3292	2671	1769	1769	621	902	0	0	/lustre/elzd_2023_000111/zcb/mitocapture04/Pipeline/eMito_pipeline_v3_2/06_optional_modes/taxa/access/Phocarctos_hookeri__species_taxid_34888.taxa_specific.probe.assessed.fasta	0	Metazoa	Chordata	Mammalia	Carnivora	Otariidae	3292	53.736330498177395	0.0	27.399756986634266	18.863912515188336	0.0
Zalophus californianus	taxa	Zalophus californianus	9704	Zalophus	3296	2695	1679	1679	601	1016	0	0	/lustre/elzd_2023_000111/zcb/mitocapture04/Pipeline/eMito_pipeline_v3_2/06_optional_modes/taxa/access/Zalophus_californianus__species_taxid_9704.taxa_specific.probe.assessed.fasta	0	Metazoa	Chordata	Mammalia	Carnivora	Otariidae	3296	50.94053398058252	0.0	30.8252427184466	18.23422330097087	0.0
Cystophora cristata	taxa	Cystophora cristata	39293	Cystophora	3351	2897	1942	1942	454	955	0	0	/lustre/elzd_2023_000111/zcb/mitocapture04/Pipeline/eMito_pipeline_v3_2/06_optional_modes/taxa/access/Cystophora_cristata__species_taxid_39293.taxa_specific.probe.assessed.fasta	0	Metazoa	Chordata	Mammalia	Carnivora	Phocidae	3351	57.95284989555357	0.0	28.498955535660997	13.548194568785437	0.0
Erignathus barbatus	taxa	Erignathus barbatus	39304	Erignathus	3321	2984	1929	1929	337	1055	0	0	/lustre/elzd_2023_000111/zcb/mitocapture04/Pipeline/eMito_pipeline_v3_2/06_optional_modes/taxa/access/Erignathus_barbatus__species_taxid_39304.taxa_specific.probe.assessed.fasta	0	Metazoa	Chordata	Mammalia	Carnivora	Phocidae	3321	58.08491418247515	0.0	31.767539897621198	10.147545919903642	0.0
Halichoerus grypus	taxa	Halichoerus grypus	9711	Halichoerus	3322	1793	1277	1277	1529	516	0	0	/lustre/elzd_2023_000111/zcb/mitocapture04/Pipeline/eMito_pipeline_v3_2/06_optional_modes/taxa/access/Halichoerus_grypus__species_taxid_9711.taxa_specific.probe.assessed.fasta	0	Metazoa	Chordata	Mammalia	Carnivora	Phocidae	3322	38.44069837447321	0.0	15.532811559301626	46.026490066225165	0.0
Hydrurga leptonyx	taxa	Hydrurga leptonyx	29086	Hydrurga	3307	2674	1713	1713	633	961	0	0	/lustre/elzd_2023_000111/zcb/mitocapture04/Pipeline/eMito_pipeline_v3_2/06_optional_modes/taxa/access/Hydrurga_leptonyx__species_taxid_29086.taxa_specific.probe.assessed.fasta	0	Metazoa	Chordata	Mammalia	Carnivora	Phocidae	3307	51.79921378893256	0.0	29.059570607801632	19.1412156032658	0.0
Leptonychotes weddellii	taxa	Leptonychotes weddellii	9713	Leptonychotes	3482	2530	1672	1672	952	858	0	0	/lustre/elzd_2023_000111/zcb/mitocapture04/Pipeline/eMito_pipeline_v3_2/06_optional_modes/taxa/access/Leptonychotes_weddellii__species_taxid_9713.taxa_specific.probe.assessed.fasta	0	Metazoa	Chordata	Mammalia	Carnivora	Phocidae	3482	48.01838024124066	0.0	24.641010913268236	27.340608845491097	0.0
Lobodon carcinophaga	taxa	Lobodon carcinophaga	101849	Lobodon	3342	2901	1722	1722	441	1179	0	0	/lustre/elzd_2023_000111/zcb/mitocapture04/Pipeline/eMito_pipeline_v3_2/06_optional_modes/taxa/access/Lobodon_carcinophaga__species_taxid_101849.taxa_specific.probe.assessed.fasta	0	Metazoa	Chordata	Mammalia	Carnivora	Phocidae	3342	51.526032315978455	0.0	35.278276481149014	13.195691202872531	0.0
Mirounga leonina	taxa	Mirounga leonina	9715	Mirounga	3347	3049	1710	1710	298	1339	0	0	/lustre/elzd_2023_000111/zcb/mitocapture04/Pipeline/eMito_pipeline_v3_2/06_optional_modes/taxa/access/Mirounga_leonina__species_taxid_9715.taxa_specific.probe.assessed.fasta	0	Metazoa	Chordata	Mammalia	Carnivora	Phocidae	3347	51.09052883178966	0.0	40.00597550044816	8.903495667762176	0.0
Neomonachus schauinslandi	taxa	Neomonachus schauinslandi	29088	Neomonachus	3340	3069	1805	1805	271	1264	0	0	/lustre/elzd_2023_000111/zcb/mitocapture04/Pipeline/eMito_pipeline_v3_2/06_optional_modes/taxa/access/Neomonachus_schauinslandi__species_taxid_29088.taxa_specific.probe.assessed.fasta	0	Metazoa	Chordata	Mammalia	Carnivora	Phocidae	3340	54.041916167664674	0.0	37.84431137724551	8.113772455089821	0.0
Phoca fasciata	taxa	Phoca fasciata	39088	Phoca	3322	2861	1867	1867	461	994	0	0	/lustre/elzd_2023_000111/zcb/mitocapture04/Pipeline/eMito_pipeline_v3_2/06_optional_modes/taxa/access/Phoca_fasciata__species_taxid_39088.taxa_specific.probe.assessed.fasta	0	Metazoa	Chordata	Mammalia	Carnivora	Phocidae	3322	56.2010836845274	0.0	29.92173389524383	13.87718242022878	0.0
Phoca groenlandica	taxa	Phoca groenlandica	39089	Phoca	3293	2841	1820	1820	452	1021	0	0	/lustre/elzd_2023_000111/zcb/mitocapture04/Pipeline/eMito_pipeline_v3_2/06_optional_modes/taxa/access/Phoca_groenlandica__species_taxid_39089.taxa_specific.probe.assessed.fasta	0	Metazoa	Chordata	Mammalia	Carnivora	Phocidae	3293	55.26875189796539	0.0	31.005162465836623	13.726085636197997	0.0
Phoca largha	taxa	Phoca largha	39090	Phoca	4435	1666	1238	1238	2769	428	0	0	/lustre/elzd_2023_000111/zcb/mitocapture04/Pipeline/eMito_pipeline_v3_2/06_optional_modes/taxa/access/Phoca_largha__species_taxid_39090.taxa_specific.probe.assessed.fasta	0	Metazoa	Chordata	Mammalia	Carnivora	Phocidae	4435	27.91431792559188	0.0	9.650507328072154	62.43517474633597	0.0
Phoca vitulina	taxa	Phoca vitulina	9720	Phoca	3349	2173	1474	1474	1176	699	0	0	/lustre/elzd_2023_000111/zcb/mitocapture04/Pipeline/eMito_pipeline_v3_2/06_optional_modes/taxa/access/Phoca_vitulina__species_taxid_9720.taxa_specific.probe.assessed.fasta	0	Metazoa	Chordata	Mammalia	Carnivora	Phocidae	3349	44.013138250223946	0.0	20.871902060316515	35.11495968945954	0.0
Node: Phocidae	node	Phoca vitulina	9720	Phoca	0	0	0	0	0	0	0	3355	/lustre/elzd_2023_000111/zcb/mitocapture04/Pipeline/eMito_pipeline_v3_2/05_eMito_node_generate/probe_sets/Phocidae__family_taxid_9709.node_tiling.probe.fasta	1	Metazoa	Chordata	Mammalia	Carnivora	Phocidae	3355	0.0	0.0	0.0	0.0	100.0
Pusa caspica	taxa	Pusa caspica	693431	Pusa	3338	1909	1381	1381	1429	528	0	0	/lustre/elzd_2023_000111/zcb/mitocapture04/Pipeline/eMito_pipeline_v3_2/06_optional_modes/taxa/access/Pusa_caspica__species_taxid_693431.taxa_specific.probe.assessed.fasta	0	Metazoa	Chordata	Mammalia	Carnivora	Phocidae	3338	41.37207908927502	0.0	15.817855002995806	42.810065907729175	0.0
Pusa hispida	taxa	Pusa hispida	9718	Pusa	4907	808	608	608	4099	200	0	0	/lustre/elzd_2023_000111/zcb/mitocapture04/Pipeline/eMito_pipeline_v3_2/06_optional_modes/taxa/access/Pusa_hispida__species_taxid_9718.taxa_specific.probe.assessed.fasta	0	Metazoa	Chordata	Mammalia	Carnivora	Phocidae	4907	12.390462604442632	0.0	4.075810067250866	83.53372732830651	0.0
Pusa sibirica	taxa	Pusa sibirica	9719	Pusa	3327	1770	1255	1255	1557	515	0	0	/lustre/elzd_2023_000111/zcb/mitocapture04/Pipeline/eMito_pipeline_v3_2/06_optional_modes/taxa/access/Pusa_sibirica__species_taxid_9719.taxa_specific.probe.assessed.fasta	0	Metazoa	Chordata	Mammalia	Carnivora	Phocidae	3327	37.72167117523294	0.0	15.47941088067328	46.79891794409377	0.0
Procyon lotor	taxa	Procyon lotor	9654	Procyon	6834	1682	1007	1007	5152	675	0	0	/lustre/elzd_2023_000111/zcb/mitocapture04/Pipeline/eMito_pipeline_v3_2/06_optional_modes/taxa/access/Procyon_lotor__species_taxid_9654.taxa_specific.probe.assessed.fasta	0	Metazoa	Chordata	Mammalia	Carnivora	Procyonidae	6834	14.735147790459468	0.0	9.877085162423178	75.38776704711735	0.0
Node: Procyonidae	node	Procyon lotor	9654	Procyon	0	0	0	0	0	0	0	3305	/lustre/elzd_2023_000111/zcb/mitocapture04/Pipeline/eMito_pipeline_v3_2/05_eMito_node_generate/probe_sets/Procyonidae__family_taxid_9647.node_tiling.probe.fasta	1	Metazoa	Chordata	Mammalia	Carnivora	Procyonidae	3305	0.0	0.0	0.0	0.0	100.0
Ailuropoda melanoleuca	taxa	Ailuropoda melanoleuca	9646	Ailuropoda	4907	2728	1341	1341	2179	1387	0	0	/lustre/elzd_2023_000111/zcb/mitocapture04/Pipeline/eMito_pipeline_v3_2/06_optional_modes/taxa/access/Ailuropoda_melanoleuca__species_taxid_9646.taxa_specific.probe.assessed.fasta	0	Metazoa	Chordata	Mammalia	Carnivora	Ursidae	4907	27.32830650091706	0.0	28.26574281638476	44.40595068269818	0.0
Arctodus simus	taxa	Arctodus simus	551196	Arctodus	3252	2948	1915	1915	304	1033	0	0	/lustre/elzd_2023_000111/zcb/mitocapture04/Pipeline/eMito_pipeline_v3_2/06_optional_modes/taxa/access/Arctodus_simus__species_taxid_551196.taxa_specific.probe.assessed.fasta	0	Metazoa	Chordata	Mammalia	Carnivora	Ursidae	3252	58.88683886838868	0.0	31.76506765067651	9.348093480934809	0.0
Arctotherium sp.	taxa	Arctotherium sp.	1825730	Arctotherium	3290	3065	2003	2003	225	1062	0	0	/lustre/elzd_2023_000111/zcb/mitocapture04/Pipeline/eMito_pipeline_v3_2/06_optional_modes/taxa/access/Arctotherium_sp__species_taxid_1825730.taxa_specific.probe.assessed.fasta	0	Metazoa	Chordata	Mammalia	Carnivora	Ursidae	3290	60.88145896656535	0.0	32.27963525835867	6.838905775075988	0.0
Helarctos malayanus	taxa	Helarctos malayanus	9634	Helarctos	5279	1703	1197	1197	3576	506	0	0	/lustre/elzd_2023_000111/zcb/mitocapture04/Pipeline/eMito_pipeline_v3_2/06_optional_modes/taxa/access/Helarctos_malayanus__species_taxid_9634.taxa_specific.probe.assessed.fasta	0	Metazoa	Chordata	Mammalia	Carnivora	Ursidae	5279	22.674749005493464	0.0	9.585148702405759	67.74010229210077	0.0
Melursus ursinus	taxa	Melursus ursinus	9636	Melursus	4273	2421	1673	1673	1852	748	0	0	/lustre/elzd_2023_000111/zcb/mitocapture04/Pipeline/eMito_pipeline_v3_2/06_optional_modes/taxa/access/Melursus_ursinus__species_taxid_9636.taxa_specific.probe.assessed.fasta	0	Metazoa	Chordata	Mammalia	Carnivora	Ursidae	4273	39.15282003276387	0.0	17.50526562134332	43.34191434589282	0.0
Node: Ursidae	node	Melursus ursinus	9636	Melursus	0	0	0	0	0	0	0	3354	/lustre/elzd_2023_000111/zcb/mitocapture04/Pipeline/eMito_pipeline_v3_2/05_eMito_node_generate/probe_sets/Ursidae__family_taxid_9632.node_tiling.probe.fasta	1	Metazoa	Chordata	Mammalia	Carnivora	Ursidae	3354	0.0	0.0	0.0	0.0	100.0
Tremarctos ornatus	taxa	Tremarctos ornatus	9638	Tremarctos	3751	2608	1748	1748	1143	860	0	0	/lustre/elzd_2023_000111/zcb/mitocapture04/Pipeline/eMito_pipeline_v3_2/06_optional_modes/taxa/access/Tremarctos_ornatus__species_taxid_9638.taxa_specific.probe.assessed.fasta	0	Metazoa	Chordata	Mammalia	Carnivora	Ursidae	3751	46.60090642495335	0.0	22.927219408157825	30.471874166888828	0.0
Ursus americanus	taxa	Ursus americanus	9643	Ursus	8677	697	483	483	7980	214	0	0	/lustre/elzd_2023_000111/zcb/mitocapture04/Pipeline/eMito_pipeline_v3_2/06_optional_modes/taxa/access/Ursus_americanus__species_taxid_9643.taxa_specific.probe.assessed.fasta	0	Metazoa	Chordata	Mammalia	Carnivora	Ursidae	8677	5.566440013829665	0.0	2.4662901924628327	91.9672697937075	0.0
Ursus arctos	taxa	Ursus arctos	9644	Ursus	5583	2199	1423	1423	3384	776	0	0	/lustre/elzd_2023_000111/zcb/mitocapture04/Pipeline/eMito_pipeline_v3_2/06_optional_modes/taxa/access/Ursus_arctos__species_taxid_9644.taxa_specific.probe.assessed.fasta	0	Metazoa	Chordata	Mammalia	Carnivora	Ursidae	5583	25.488088841124846	0.0	13.899337273867097	60.61257388500806	0.0
Ursus maritimus	taxa	Ursus maritimus	29073	Ursus	3655	2855	1811	1811	800	1044	0	0	/lustre/elzd_2023_000111/zcb/mitocapture04/Pipeline/eMito_pipeline_v3_2/06_optional_modes/taxa/access/Ursus_maritimus__species_taxid_29073.taxa_specific.probe.assessed.fasta	0	Metazoa	Chordata	Mammalia	Carnivora	Ursidae	3655	49.54856361149111	0.0	28.56361149110807	21.88782489740082	0.0
Ursus spelaeus	taxa	Ursus spelaeus	39097	Ursus	4921	1474	920	920	3447	554	0	0	/lustre/elzd_2023_000111/zcb/mitocapture04/Pipeline/eMito_pipeline_v3_2/06_optional_modes/taxa/access/Ursus_spelaeus__species_taxid_39097.taxa_specific.probe.assessed.fasta	0	Metazoa	Chordata	Mammalia	Carnivora	Ursidae	4921	18.69538711643975	0.0	11.257874415769152	70.0467384677911	0.0
Ursus thibetanus	taxa	Ursus thibetanus	9642	Ursus	7661	1685	1098	1098	5976	587	0	0	/lustre/elzd_2023_000111/zcb/mitocapture04/Pipeline/eMito_pipeline_v3_2/06_optional_modes/taxa/access/Ursus_thibetanus__species_taxid_9642.taxa_specific.probe.assessed.fasta	0	Metazoa	Chordata	Mammalia	Carnivora	Ursidae	7661	14.33233259365618	0.0	7.662185093329852	78.00548231301396	0.0
Mystacina tuberculata	taxa	Mystacina tuberculata	94961	Mystacina	3286	3193	1902	1902	93	1291	0	0	/lustre/elzd_2023_000111/zcb/mitocapture04/Pipeline/eMito_pipeline_v3_2/06_optional_modes/taxa/access/Mystacina_tuberculata__species_taxid_94961.taxa_specific.probe.assessed.fasta	0	Metazoa	Chordata	Mammalia	Chiroptera	Mystacinidae	3286	57.881923311016436	0.0	39.28788800973828	2.8301886792452833	0.0
Node: Mystacinidae	node	Mystacina tuberculata	94961	Mystacina	0	0	0	0	0	0	0	3307	/lustre/elzd_2023_000111/zcb/mitocapture04/Pipeline/eMito_pipeline_v3_2/05_eMito_node_generate/probe_sets/Mystacinidae__family_taxid_94959.node_tiling.probe.fasta	1	Metazoa	Chordata	Mammalia	Chiroptera	Mystacinidae	3307	0.0	0.0	0.0	0.0	100.0
Artibeus jamaicensis	taxa	Artibeus jamaicensis	9417	Artibeus	6036	549	291	291	5487	258	0	0	/lustre/elzd_2023_000111/zcb/mitocapture04/Pipeline/eMito_pipeline_v3_2/06_optional_modes/taxa/access/Artibeus_jamaicensis__species_taxid_9417.taxa_specific.probe.assessed.fasta	0	Metazoa	Chordata	Mammalia	Chiroptera	Phyllostomidae	6036	4.821073558648111	0.0	4.274353876739562	90.90457256461232	0.0
Node: Phyllostomidae	node	Artibeus jamaicensis	9417	Artibeus	0	0	0	0	0	0	0	3320	/lustre/elzd_2023_000111/zcb/mitocapture04/Pipeline/eMito_pipeline_v3_2/05_eMito_node_generate/probe_sets/Phyllostomidae__family_taxid_9415.node_tiling.probe.fasta	1	Metazoa	Chordata	Mammalia	Chiroptera	Phyllostomidae	3320	0.0	0.0	0.0	0.0	100.0
Pteropus dasymallus	taxa	Pteropus dasymallus	126282	Pteropus	3306	3193	2163	2163	113	1030	0	0	/lustre/elzd_2023_000111/zcb/mitocapture04/Pipeline/eMito_pipeline_v3_2/06_optional_modes/taxa/access/Pteropus_dasymallus__species_taxid_126282.taxa_specific.probe.assessed.fasta	0	Metazoa	Chordata	Mammalia	Chiroptera	Pteropodidae	3306	65.42649727767696	0.0	31.155474894131878	3.4180278281911676	0.0
Pteropus scapulatus	taxa	Pteropus scapulatus	94117	Pteropus	3298	3187	2177	2177	111	1010	0	0	/lustre/elzd_2023_000111/zcb/mitocapture04/Pipeline/eMito_pipeline_v3_2/06_optional_modes/taxa/access/Pteropus_scapulatus__species_taxid_94117.taxa_specific.probe.assessed.fasta	0	Metazoa	Chordata	Mammalia	Chiroptera	Pteropodidae	3298	66.00970285021225	0.0	30.624620982413585	3.365676167374166	0.0
Rousettus aegyptiacus	taxa	Rousettus aegyptiacus	9407	Rousettus	7336	1711	1265	1265	5625	446	0	0	/lustre/elzd_2023_000111/zcb/mitocapture04/Pipeline/eMito_pipeline_v3_2/06_optional_modes/taxa/access/Rousettus_aegyptiacus__species_taxid_9407.taxa_specific.probe.assessed.fasta	0	Metazoa	Chordata	Mammalia	Chiroptera	Pteropodidae	7336	17.243729552889857	0.0	6.079607415485278	76.67666303162486	0.0
Node: Pteropodidae	node	Rousettus aegyptiacus	9407	Rousettus	0	0	0	0	0	0	0	3331	/lustre/elzd_2023_000111/zcb/mitocapture04/Pipeline/eMito_pipeline_v3_2/05_eMito_node_generate/probe_sets/Pteropodidae__family_taxid_9398.node_tiling.probe.fasta	1	Metazoa	Chordata	Mammalia	Chiroptera	Pteropodidae	3331	0.0	0.0	0.0	0.0	100.0
Rhinolophus formosae	taxa	Rhinolophus formosae	472238	Rhinolophus	3341	3265	2264	2264	76	1001	0	0	/lustre/elzd_2023_000111/zcb/mitocapture04/Pipeline/eMito_pipeline_v3_2/06_optional_modes/taxa/access/Rhinolophus_formosae__species_taxid_472238.taxa_specific.probe.assessed.fasta	0	Metazoa	Chordata	Mammalia	Chiroptera	Rhinolophidae	3341	67.76414247231368	0.0	29.961089494163424	2.2747680335228972	0.0
Node: Rhinolophidae	node	Rhinolophus formosae	472238	Rhinolophus	0	0	0	0	0	0	0	3373	/lustre/elzd_2023_000111/zcb/mitocapture04/Pipeline/eMito_pipeline_v3_2/05_eMito_node_generate/probe_sets/Rhinolophidae__family_taxid_58055.node_tiling.probe.fasta	1	Metazoa	Chordata	Mammalia	Chiroptera	Rhinolophidae	3373	0.0	0.0	0.0	0.0	100.0
Rhinolophus monoceros	taxa	Rhinolophus monoceros	169756	Rhinolophus	3360	3268	2445	2445	92	823	0	0	/lustre/elzd_2023_000111/zcb/mitocapture04/Pipeline/eMito_pipeline_v3_2/06_optional_modes/taxa/access/Rhinolophus_monoceros__species_taxid_169756.taxa_specific.probe.assessed.fasta	0	Metazoa	Chordata	Mammalia	Chiroptera	Rhinolophidae	3360	72.76785714285714	0.0	24.494047619047617	2.738095238095238	0.0
Rhinolophus pumilus	taxa	Rhinolophus pumilus	159859	Rhinolophus	3364	3291	2351	2351	73	940	0	0	/lustre/elzd_2023_000111/zcb/mitocapture04/Pipeline/eMito_pipeline_v3_2/06_optional_modes/taxa/access/Rhinolophus_pumilus__species_taxid_159859.taxa_specific.probe.assessed.fasta	0	Metazoa	Chordata	Mammalia	Chiroptera	Rhinolophidae	3364	69.8870392390012	0.0	27.94292508917955	2.170035671819263	0.0
Chalinolobus tuberculatus	taxa	Chalinolobus tuberculatus	143942	Chalinolobus	3309	3253	1645	1645	56	1608	0	0	/lustre/elzd_2023_000111/zcb/mitocapture04/Pipeline/eMito_pipeline_v3_2/06_optional_modes/taxa/access/Chalinolobus_tuberculatus__species_taxid_143942.taxa_specific.probe.assessed.fasta	0	Metazoa	Chordata	Mammalia	Chiroptera	Vespertilionidae	3309	49.71290420066485	0.0	48.5947416137806	1.692354185554548	0.0
Node: Vespertilionidae	node	Chalinolobus tuberculatus	143942	Chalinolobus	0	0	0	0	0	0	0	3354	/lustre/elzd_2023_000111/zcb/mitocapture04/Pipeline/eMito_pipeline_v3_2/05_eMito_node_generate/probe_sets/Vespertilionidae__family_taxid_9431.node_tiling.probe.fasta	1	Metazoa	Chordata	Mammalia	Chiroptera	Vespertilionidae	3354	0.0	0.0	0.0	0.0	100.0
Pipistrellus abramus	taxa	Pipistrellus abramus	105295	Pipistrellus	3634	3049	1434	1434	585	1615	0	0	/lustre/elzd_2023_000111/zcb/mitocapture04/Pipeline/eMito_pipeline_v3_2/06_optional_modes/taxa/access/Pipistrellus_abramus__species_taxid_105295.taxa_specific.probe.assessed.fasta	0	Metazoa	Chordata	Mammalia	Chiroptera	Vespertilionidae	3634	39.46064942212438	0.0	44.44138690148597	16.097963676389654	0.0
Doedicurus sp.	taxa	Doedicurus sp.	1849957	Doedicurus	991	960	745	745	31	215	0	0	/lustre/elzd_2023_000111/zcb/mitocapture04/Pipeline/eMito_pipeline_v3_2/06_optional_modes/taxa/access/Doedicurus_sp__species_taxid_1849957.taxa_specific.probe.assessed.fasta	0	Metazoa	Chordata	Mammalia	Cingulata	Chlamyphoridae	991	75.17658930373359	0.0	21.695257315842582	3.128153380423814	0.0
Node: Chlamyphoridae	node	Doedicurus sp.	1849957	Doedicurus	0	0	0	0	0	0	0	991	/lustre/elzd_2023_000111/zcb/mitocapture04/Pipeline/eMito_pipeline_v3_2/05_eMito_node_generate/probe_sets/Chlamyphoridae__family_taxid_1811493.node_tiling.probe.fasta	1	Metazoa	Chordata	Mammalia	Cingulata	Chlamyphoridae	991	0.0	0.0	0.0	0.0	100.0
Dasypus novemcinctus	taxa	Dasypus novemcinctus	9361	Dasypus	6142	353	258	258	5789	95	0	0	/lustre/elzd_2023_000111/zcb/mitocapture04/Pipeline/eMito_pipeline_v3_2/06_optional_modes/taxa/access/Dasypus_novemcinctus__species_taxid_9361.taxa_specific.probe.assessed.fasta	0	Metazoa	Chordata	Mammalia	Cingulata	Dasypodidae	6142	4.200586128296972	0.0	1.5467274503419082	94.25268642136112	0.0
Node: Dasypodidae	node	Dasypus novemcinctus	9361	Dasypus	0	0	0	0	0	0	0	3401	/lustre/elzd_2023_000111/zcb/mitocapture04/Pipeline/eMito_pipeline_v3_2/05_eMito_node_generate/probe_sets/Dasypodidae__family_taxid_9359.node_tiling.probe.fasta	1	Metazoa	Chordata	Mammalia	Cingulata	Dasypodidae	3401	0.0	0.0	0.0	0.0	100.0
Myrmecobius fasciatus	taxa	Myrmecobius fasciatus	55782	Myrmecobius	3391	3263	2006	2006	128	1257	0	0	/lustre/elzd_2023_000111/zcb/mitocapture04/Pipeline/eMito_pipeline_v3_2/06_optional_modes/taxa/access/Myrmecobius_fasciatus__species_taxid_55782.taxa_specific.probe.assessed.fasta	0	Metazoa	Chordata	Mammalia	Dasyuromorphia	Myrmecobiidae	3391	59.15659097611324	0.0	37.06871129460336	3.7746977292833974	0.0
Node: Myrmecobiidae	node	Myrmecobius fasciatus	55782	Myrmecobius	0	0	0	0	0	0	0	3353	/lustre/elzd_2023_000111/zcb/mitocapture04/Pipeline/eMito_pipeline_v3_2/05_eMito_node_generate/probe_sets/Myrmecobiidae__family_taxid_55780.node_tiling.probe.fasta	1	Metazoa	Chordata	Mammalia	Dasyuromorphia	Myrmecobiidae	3353	0.0	0.0	0.0	0.0	100.0
Thylacinus cynocephalus	taxa	Thylacinus cynocephalus	9275	Thylacinus	4709	2201	1153	1153	2508	1048	0	0	/lustre/elzd_2023_000111/zcb/mitocapture04/Pipeline/eMito_pipeline_v3_2/06_optional_modes/taxa/access/Thylacinus_cynocephalus__species_taxid_9275.taxa_specific.probe.assessed.fasta	0	Metazoa	Chordata	Mammalia	Dasyuromorphia	Thylacinidae	4709	24.485028668507113	0.0	22.255255892970908	53.25971543852198	0.0
Node: Thylacinidae	node	Thylacinus cynocephalus	9275	Thylacinus	0	0	0	0	0	0	0	3472	/lustre/elzd_2023_000111/zcb/mitocapture04/Pipeline/eMito_pipeline_v3_2/05_eMito_node_generate/probe_sets/Thylacinidae__family_taxid_9273.node_tiling.probe.fasta	1	Metazoa	Chordata	Mammalia	Dasyuromorphia	Thylacinidae	3472	0.0	0.0	0.0	0.0	100.0
Galeopterus variegatus	taxa	Galeopterus variegatus	482537	Galeopterus	9577	23	23	23	9554	0	0	0	/lustre/elzd_2023_000111/zcb/mitocapture04/Pipeline/eMito_pipeline_v3_2/06_optional_modes/taxa/access/Galeopterus_variegatus__species_taxid_482537.taxa_specific.probe.assessed.fasta	0	Metazoa	Chordata	Mammalia	Dermoptera	Cynocephalidae	9577	0.24015871358462984	0.0	0.0	99.75984128641538	0.0
Node: Cynocephalidae	node	Galeopterus variegatus	482537	Galeopterus	0	0	0	0	0	0	0	3340	/lustre/elzd_2023_000111/zcb/mitocapture04/Pipeline/eMito_pipeline_v3_2/05_eMito_node_generate/probe_sets/Cynocephalidae__family_taxid_30657.node_tiling.probe.fasta	1	Metazoa	Chordata	Mammalia	Dermoptera	Cynocephalidae	3340	0.0	0.0	0.0	0.0	100.0
Osphranter rufus	taxa	Osphranter rufus	9321	Osphranter	3393	3337	1994	1994	56	1343	0	0	/lustre/elzd_2023_000111/zcb/mitocapture04/Pipeline/eMito_pipeline_v3_2/06_optional_modes/taxa/access/Osphranter_rufus__species_taxid_9321.taxa_specific.probe.assessed.fasta	0	Metazoa	Chordata	Mammalia	Diprotodontia	Macropodidae	3393	58.76805187150015	0.0	39.581491305629235	1.6504568228706158	0.0
Node: Macropodidae	node	Osphranter rufus	9321	Osphranter	0	0	0	0	0	0	0	3393	/lustre/elzd_2023_000111/zcb/mitocapture04/Pipeline/eMito_pipeline_v3_2/05_eMito_node_generate/probe_sets/Macropodidae__family_taxid_9307.node_tiling.probe.fasta	1	Metazoa	Chordata	Mammalia	Diprotodontia	Macropodidae	3393	0.0	0.0	0.0	0.0	100.0
Petaurus breviceps	taxa	Petaurus breviceps	34899	Petaurus	3173	3126	1617	1617	47	1509	0	0	/lustre/elzd_2023_000111/zcb/mitocapture04/Pipeline/eMito_pipeline_v3_2/06_optional_modes/taxa/access/Petaurus_breviceps__species_taxid_34899.taxa_specific.probe.assessed.fasta	0	Metazoa	Chordata	Mammalia	Diprotodontia	Petauridae	3173	50.961235423889065	0.0	47.557516545855655	1.4812480302552788	0.0
Node: Petauridae	node	Petaurus breviceps	34899	Petaurus	0	0	0	0	0	0	0	3211	/lustre/elzd_2023_000111/zcb/mitocapture04/Pipeline/eMito_pipeline_v3_2/05_eMito_node_generate/probe_sets/Petauridae__family_taxid_9331.node_tiling.probe.fasta	1	Metazoa	Chordata	Mammalia	Diprotodontia	Petauridae	3211	0.0	0.0	0.0	0.0	100.0
Phascolarctos cinereus	taxa	Phascolarctos cinereus	38626	Phascolarctos	3262	3239	1581	1581	23	1658	0	0	/lustre/elzd_2023_000111/zcb/mitocapture04/Pipeline/eMito_pipeline_v3_2/06_optional_modes/taxa/access/Phascolarctos_cinereus__species_taxid_38626.taxa_specific.probe.assessed.fasta	0	Metazoa	Chordata	Mammalia	Diprotodontia	Phascolarctidae	3262	48.467198038013485	0.0	50.827713059472714	0.7050889025137952	0.0
Node: Phascolarctidae	node	Phascolarctos cinereus	38626	Phascolarctos	0	0	0	0	0	0	0	3262	/lustre/elzd_2023_000111/zcb/mitocapture04/Pipeline/eMito_pipeline_v3_2/05_eMito_node_generate/probe_sets/Phascolarctidae__family_taxid_38624.node_tiling.probe.fasta	1	Metazoa	Chordata	Mammalia	Diprotodontia	Phascolarctidae	3262	0.0	0.0	0.0	0.0	100.0
Pseudocheirus peregrinus	taxa	Pseudocheirus peregrinus	9333	Pseudocheirus	3195	3138	1849	1849	57	1289	0	0	/lustre/elzd_2023_000111/zcb/mitocapture04/Pipeline/eMito_pipeline_v3_2/06_optional_modes/taxa/access/Pseudocheirus_peregrinus__species_taxid_9333.taxa_specific.probe.assessed.fasta	0	Metazoa	Chordata	Mammalia	Diprotodontia	Pseudocheiridae	3195	57.8716744913928	0.0	40.34428794992175	1.784037558685446	0.0
Node: Pseudocheiridae	node	Pseudocheirus peregrinus	9333	Pseudocheirus	0	0	0	0	0	0	0	3195	/lustre/elzd_2023_000111/zcb/mitocapture04/Pipeline/eMito_pipeline_v3_2/05_eMito_node_generate/probe_sets/Pseudocheiridae__family_taxid_37889.node_tiling.probe.fasta	1	Metazoa	Chordata	Mammalia	Diprotodontia	Pseudocheiridae	3195	0.0	0.0	0.0	0.0	100.0
Tarsipes rostratus	taxa	Tarsipes rostratus	38632	Tarsipes	3139	3091	1713	1713	48	1378	0	0	/lustre/elzd_2023_000111/zcb/mitocapture04/Pipeline/eMito_pipeline_v3_2/06_optional_modes/taxa/access/Tarsipes_rostratus__species_taxid_38632.taxa_specific.probe.assessed.fasta	0	Metazoa	Chordata	Mammalia	Diprotodontia	Tarsipedidae	3139	54.57151959222683	0.0	43.89933099713284	1.5291494106403312	0.0
Node: Tarsipedidae	node	Tarsipes rostratus	38632	Tarsipes	0	0	0	0	0	0	0	3139	/lustre/elzd_2023_000111/zcb/mitocapture04/Pipeline/eMito_pipeline_v3_2/05_eMito_node_generate/probe_sets/Tarsipedidae__family_taxid_38630.node_tiling.probe.fasta	1	Metazoa	Chordata	Mammalia	Diprotodontia	Tarsipedidae	3139	0.0	0.0	0.0	0.0	100.0
Echinosorex gymnura	taxa	Echinosorex gymnura	162630	Echinosorex	3342	3299	999	999	43	2300	0	0	/lustre/elzd_2023_000111/zcb/mitocapture04/Pipeline/eMito_pipeline_v3_2/06_optional_modes/taxa/access/Echinosorex_gymnura__species_taxid_162630.taxa_specific.probe.assessed.fasta	0	Metazoa	Chordata	Mammalia	Eulipotyphla	Erinaceidae	3342	29.89228007181329	0.0	68.82106523040096	1.2866546977857571	0.0
Node: Erinaceidae	node	Echinosorex gymnura	162630	Echinosorex	0	0	0	0	0	0	0	3401	/lustre/elzd_2023_000111/zcb/mitocapture04/Pipeline/eMito_pipeline_v3_2/05_eMito_node_generate/probe_sets/Erinaceidae__family_taxid_9363.node_tiling.probe.fasta	1	Metazoa	Chordata	Mammalia	Eulipotyphla	Erinaceidae	3401	0.0	0.0	0.0	0.0	100.0
Erinaceus europaeus	taxa	Erinaceus europaeus	9365	Erinaceus	3432	3379	1072	1072	53	2307	0	0	/lustre/elzd_2023_000111/zcb/mitocapture04/Pipeline/eMito_pipeline_v3_2/06_optional_modes/taxa/access/Erinaceus_europaeus__species_taxid_9365.taxa_specific.probe.assessed.fasta	0	Metazoa	Chordata	Mammalia	Eulipotyphla	Erinaceidae	3432	31.23543123543124	0.0	67.22027972027972	1.5442890442890442	0.0
Hemiechinus auritus	taxa	Hemiechinus auritus	217708	Hemiechinus	3407	3347	913	913	60	2434	0	0	/lustre/elzd_2023_000111/zcb/mitocapture04/Pipeline/eMito_pipeline_v3_2/06_optional_modes/taxa/access/Hemiechinus_auritus__species_taxid_217708.taxa_specific.probe.assessed.fasta	0	Metazoa	Chordata	Mammalia	Eulipotyphla	Erinaceidae	3407	26.797769298503084	0.0	71.44115057235105	1.7610801291458762	0.0
Hylomys suillus	taxa	Hylomys suillus	48897	Hylomys	3061	3042	1094	1094	19	1948	0	0	/lustre/elzd_2023_000111/zcb/mitocapture04/Pipeline/eMito_pipeline_v3_2/06_optional_modes/taxa/access/Hylomys_suillus__species_taxid_48897.taxa_specific.probe.assessed.fasta	0	Metazoa	Chordata	Mammalia	Eulipotyphla	Erinaceidae	3061	35.73995426331265	0.0	63.63933355112709	0.6207121855602744	0.0
Crocidura russula	taxa	Crocidura russula	36802	Crocidura	3759	2915	1369	1369	844	1546	0	0	/lustre/elzd_2023_000111/zcb/mitocapture04/Pipeline/eMito_pipeline_v3_2/06_optional_modes/taxa/access/Crocidura_russula__species_taxid_36802.taxa_specific.probe.assessed.fasta	0	Metazoa	Chordata	Mammalia	Eulipotyphla	Soricidae	3759	36.41926044160681	0.0	41.12795956371376	22.452779994679435	0.0
Pseudosoriculus fumidus	taxa	Pseudosoriculus fumidus	3371150	Pseudosoriculus	3402	3234	1474	1474	168	1760	0	0	/lustre/elzd_2023_000111/zcb/mitocapture04/Pipeline/eMito_pipeline_v3_2/06_optional_modes/taxa/access/Pseudosoriculus_fumidus__species_taxid_3371150.taxa_specific.probe.assessed.fasta	0	Metazoa	Chordata	Mammalia	Eulipotyphla	Soricidae	3402	43.327454438565546	0.0	51.73427395649618	4.938271604938271	0.0
Sorex araneus	taxa	Sorex araneus	42254	Sorex	3365	3226	1739	1739	139	1487	0	0	/lustre/elzd_2023_000111/zcb/mitocapture04/Pipeline/eMito_pipeline_v3_2/06_optional_modes/taxa/access/Sorex_araneus__species_taxid_42254.taxa_specific.probe.assessed.fasta	0	Metazoa	Chordata	Mammalia	Eulipotyphla	Soricidae	3365	51.67904903417534	0.0	44.190193164933135	4.13075780089153	0.0
Node: Soricidae	node	Sorex araneus	42254	Sorex	0	0	0	0	0	0	0	3368	/lustre/elzd_2023_000111/zcb/mitocapture04/Pipeline/eMito_pipeline_v3_2/05_eMito_node_generate/probe_sets/Soricidae__family_taxid_9376.node_tiling.probe.fasta	1	Metazoa	Chordata	Mammalia	Eulipotyphla	Soricidae	3368	0.0	0.0	0.0	0.0	100.0
Sorex roboratus	taxa	Sorex roboratus	62288	Sorex	3420	3276	1620	1620	144	1656	0	0	/lustre/elzd_2023_000111/zcb/mitocapture04/Pipeline/eMito_pipeline_v3_2/06_optional_modes/taxa/access/Sorex_roboratus__species_taxid_62288.taxa_specific.probe.assessed.fasta	0	Metazoa	Chordata	Mammalia	Eulipotyphla	Soricidae	3420	47.368421052631575	0.0	48.421052631578945	4.2105263157894735	0.0
Sorex tundrensis	taxa	Sorex tundrensis	62287	Sorex	3435	3292	1830	1830	143	1462	0	0	/lustre/elzd_2023_000111/zcb/mitocapture04/Pipeline/eMito_pipeline_v3_2/06_optional_modes/taxa/access/Sorex_tundrensis__species_taxid_62287.taxa_specific.probe.assessed.fasta	0	Metazoa	Chordata	Mammalia	Eulipotyphla	Soricidae	3435	53.275109170305676	0.0	42.561863173216885	4.163027656477438	0.0
Sorex unguiculatus	taxa	Sorex unguiculatus	62275	Sorex	3389	3243	1712	1712	146	1531	0	0	/lustre/elzd_2023_000111/zcb/mitocapture04/Pipeline/eMito_pipeline_v3_2/06_optional_modes/taxa/access/Sorex_unguiculatus__species_taxid_62275.taxa_specific.probe.assessed.fasta	0	Metazoa	Chordata	Mammalia	Eulipotyphla	Soricidae	3389	50.5163765122455	0.0	45.17556801416347	4.30805547359103	0.0
Galemys pyrenaicus	taxa	Galemys pyrenaicus	202257	Galemys	3292	3180	1406	1406	112	1774	0	0	/lustre/elzd_2023_000111/zcb/mitocapture04/Pipeline/eMito_pipeline_v3_2/06_optional_modes/taxa/access/Galemys_pyrenaicus__species_taxid_202257.taxa_specific.probe.assessed.fasta	0	Metazoa	Chordata	Mammalia	Eulipotyphla	Talpidae	3292	42.70959902794654	0.0	53.88821385176185	3.402187120291616	0.0
Node: Talpidae	node	Galemys pyrenaicus	202257	Galemys	0	0	0	0	0	0	0	3292	/lustre/elzd_2023_000111/zcb/mitocapture04/Pipeline/eMito_pipeline_v3_2/05_eMito_node_generate/probe_sets/Talpidae__family_taxid_9373.node_tiling.probe.fasta	1	Metazoa	Chordata	Mammalia	Eulipotyphla	Talpidae	3292	0.0	0.0	0.0	0.0	100.0
Mogera wogura	taxa	Mogera wogura	62295	Mogera	3327	3172	1454	1454	155	1718	0	0	/lustre/elzd_2023_000111/zcb/mitocapture04/Pipeline/eMito_pipeline_v3_2/06_optional_modes/taxa/access/Mogera_wogura__species_taxid_62295.taxa_specific.probe.assessed.fasta	0	Metazoa	Chordata	Mammalia	Eulipotyphla	Talpidae	3327	43.70303576795912	0.0	51.638112413585816	4.658851818455065	0.0
Talpa europaea	taxa	Talpa europaea	9375	Talpa	3330	3202	1731	1731	128	1471	0	0	/lustre/elzd_2023_000111/zcb/mitocapture04/Pipeline/eMito_pipeline_v3_2/06_optional_modes/taxa/access/Talpa_europaea__species_taxid_9375.taxa_specific.probe.assessed.fasta	0	Metazoa	Chordata	Mammalia	Eulipotyphla	Talpidae	3330	51.98198198198198	0.0	44.174174174174176	3.843843843843844	0.0
Urotrichus talpoides	taxa	Urotrichus talpoides	106106	Urotrichus	3321	3150	1511	1511	171	1639	0	0	/lustre/elzd_2023_000111/zcb/mitocapture04/Pipeline/eMito_pipeline_v3_2/06_optional_modes/taxa/access/Urotrichus_talpoides__species_taxid_106106.taxa_specific.probe.assessed.fasta	0	Metazoa	Chordata	Mammalia	Eulipotyphla	Talpidae	3321	45.49834387232761	0.0	49.352604637157484	5.149051490514905	0.0
Dendrohyrax dorsalis	taxa	Dendrohyrax dorsalis	42325	Dendrohyrax	12436	255	182	182	12181	73	0	0	/lustre/elzd_2023_000111/zcb/mitocapture04/Pipeline/eMito_pipeline_v3_2/06_optional_modes/taxa/access/Dendrohyrax_dorsalis__species_taxid_42325.taxa_specific.probe.assessed.fasta	0	Metazoa	Chordata	Mammalia	Hyracoidea	Procaviidae	12436	1.4634930845931169	0.0	0.5870054679961403	97.94950144741075	0.0
Procavia capensis	taxa	Procavia capensis	9813	Procavia	6212	323	263	263	5889	60	0	0	/lustre/elzd_2023_000111/zcb/mitocapture04/Pipeline/eMito_pipeline_v3_2/06_optional_modes/taxa/access/Procavia_capensis__species_taxid_9813.taxa_specific.probe.assessed.fasta	0	Metazoa	Chordata	Mammalia	Hyracoidea	Procaviidae	6212	4.233741146168706	0.0	0.9658725048293626	94.80038634900193	0.0
Node: Procaviidae	node	Procavia capensis	9813	Procavia	0	0	0	0	0	0	0	3339	/lustre/elzd_2023_000111/zcb/mitocapture04/Pipeline/eMito_pipeline_v3_2/05_eMito_node_generate/probe_sets/Procaviidae__family_taxid_9811.node_tiling.probe.fasta	1	Metazoa	Chordata	Mammalia	Hyracoidea	Procaviidae	3339	0.0	0.0	0.0	0.0	100.0
Lepus americanus	taxa	Lepus americanus	48086	Lepus	3338	3265	1873	1873	73	1392	0	0	/lustre/elzd_2023_000111/zcb/mitocapture04/Pipeline/eMito_pipeline_v3_2/06_optional_modes/taxa/access/Lepus_americanus__species_taxid_48086.taxa_specific.probe.assessed.fasta	0	Metazoa	Chordata	Mammalia	Lagomorpha	Leporidae	3338	56.111443978430195	0.0	41.70161773517076	2.1869382863990414	0.0
Lepus arcticus	taxa	Lepus arcticus	62618	Lepus	3526	3018	1721	1721	508	1297	0	0	/lustre/elzd_2023_000111/zcb/mitocapture04/Pipeline/eMito_pipeline_v3_2/06_optional_modes/taxa/access/Lepus_arcticus__species_taxid_62618.taxa_specific.probe.assessed.fasta	0	Metazoa	Chordata	Mammalia	Lagomorpha	Leporidae	3526	48.80884855360181	0.0	36.7838910947249	14.407260351673285	0.0
Lepus europaeus	taxa	Lepus europaeus	9983	Lepus	5588	1492	870	870	4096	622	0	0	/lustre/elzd_2023_000111/zcb/mitocapture04/Pipeline/eMito_pipeline_v3_2/06_optional_modes/taxa/access/Lepus_europaeus__species_taxid_9983.taxa_specific.probe.assessed.fasta	0	Metazoa	Chordata	Mammalia	Lagomorpha	Leporidae	5588	15.569076592698641	0.0	11.130994989262707	73.29992841803865	0.0
Oryctolagus cuniculus	taxa	Oryctolagus cuniculus	9986	Oryctolagus	3785	3263	1940	1940	522	1323	0	0	/lustre/elzd_2023_000111/zcb/mitocapture04/Pipeline/eMito_pipeline_v3_2/06_optional_modes/taxa/access/Oryctolagus_cuniculus__species_taxid_9986.taxa_specific.probe.assessed.fasta	0	Metazoa	Chordata	Mammalia	Lagomorpha	Leporidae	3785	51.2549537648613	0.0	34.95376486129459	13.791281373844122	0.0
Node: Leporidae	node	Oryctolagus cuniculus	9986	Oryctolagus	0	0	0	0	0	0	0	3439	/lustre/elzd_2023_000111/zcb/mitocapture04/Pipeline/eMito_pipeline_v3_2/05_eMito_node_generate/probe_sets/Leporidae__family_taxid_9979.node_tiling.probe.fasta	1	Metazoa	Chordata	Mammalia	Lagomorpha	Leporidae	3439	0.0	0.0	0.0	0.0	100.0
Ochotona collaris	taxa	Ochotona collaris	134600	Ochotona	3368	3298	2274	2274	70	1024	0	0	/lustre/elzd_2023_000111/zcb/mitocapture04/Pipeline/eMito_pipeline_v3_2/06_optional_modes/taxa/access/Ochotona_collaris__species_taxid_134600.taxa_specific.probe.assessed.fasta	0	Metazoa	Chordata	Mammalia	Lagomorpha	Ochotonidae	3368	67.51781472684085	0.0	30.403800475059384	2.0783847980997625	0.0
Ochotona curzoniae	taxa	Ochotona curzoniae	130825	Ochotona	3408	3329	2451	2451	79	878	0	0	/lustre/elzd_2023_000111/zcb/mitocapture04/Pipeline/eMito_pipeline_v3_2/06_optional_modes/taxa/access/Ochotona_curzoniae__species_taxid_130825.taxa_specific.probe.assessed.fasta	0	Metazoa	Chordata	Mammalia	Lagomorpha	Ochotonidae	3408	71.91901408450704	0.0	25.762910798122068	2.318075117370892	0.0
Ochotona princeps	taxa	Ochotona princeps	9978	Ochotona	3256	3184	2240	2240	72	944	0	0	/lustre/elzd_2023_000111/zcb/mitocapture04/Pipeline/eMito_pipeline_v3_2/06_optional_modes/taxa/access/Ochotona_princeps__species_taxid_9978.taxa_specific.probe.assessed.fasta	0	Metazoa	Chordata	Mammalia	Lagomorpha	Ochotonidae	3256	68.7960687960688	0.0	28.992628992628994	2.211302211302211	0.0
Node: Ochotonidae	node	Ochotona princeps	9978	Ochotona	0	0	0	0	0	0	0	3286	/lustre/elzd_2023_000111/zcb/mitocapture04/Pipeline/eMito_pipeline_v3_2/05_eMito_node_generate/probe_sets/Ochotonidae__family_taxid_9976.node_tiling.probe.fasta	1	Metazoa	Chordata	Mammalia	Lagomorpha	Ochotonidae	3286	0.0	0.0	0.0	0.0	100.0
Macrauchenia sp. MW-2017	taxa	Macrauchenia sp. MW-2017	1970152	Macrauchenia	1686	1634	1385	1385	52	249	0	0	/lustre/elzd_2023_000111/zcb/mitocapture04/Pipeline/eMito_pipeline_v3_2/06_optional_modes/taxa/access/Macrauchenia_sp._MW-2017__species_taxid_1970152.taxa_specific.probe.assessed.fasta	0	Metazoa	Chordata	Mammalia	Litopterna	Macraucheniidae	1686	82.14709371293	0.0	14.768683274021353	3.084223013048636	0.0
Node: Macraucheniidae	node	Macrauchenia sp. MW-2017	1970152	Macrauchenia	0	0	0	0	0	0	0	1686	/lustre/elzd_2023_000111/zcb/mitocapture04/Pipeline/eMito_pipeline_v3_2/05_eMito_node_generate/probe_sets/Macraucheniidae__family_taxid_1563125.node_tiling.probe.fasta	1	Metazoa	Chordata	Mammalia	Litopterna	Macraucheniidae	1686	0.0	0.0	0.0	0.0	100.0
Elephantulus sp. VB001	taxa	Elephantulus sp. VB001	213657	Elephantulus	3326	3267	2076	2076	59	1191	0	0	/lustre/elzd_2023_000111/zcb/mitocapture04/Pipeline/eMito_pipeline_v3_2/06_optional_modes/taxa/access/Elephantulus_sp._VB001__species_taxid_213657.taxa_specific.probe.assessed.fasta	0	Metazoa	Chordata	Mammalia	Macroscelidea	Macroscelididae	3326	62.41731809981961	0.0	35.808779314491886	1.7739025856885149	0.0
Node: Macroscelididae	node	Elephantulus sp. VB001	213657	Elephantulus	0	0	0	0	0	0	0	3326	/lustre/elzd_2023_000111/zcb/mitocapture04/Pipeline/eMito_pipeline_v3_2/05_eMito_node_generate/probe_sets/Macroscelididae__family_taxid_28735.node_tiling.probe.fasta	1	Metazoa	Chordata	Mammalia	Macroscelidea	Macroscelididae	3326	0.0	0.0	0.0	0.0	100.0
Macroscelides proboscideus	taxa	Macroscelides proboscideus	29082	Macroscelides	4269	2266	1297	1297	2003	969	0	0	/lustre/elzd_2023_000111/zcb/mitocapture04/Pipeline/eMito_pipeline_v3_2/06_optional_modes/taxa/access/Macroscelides_proboscideus__species_taxid_29082.taxa_specific.probe.assessed.fasta	0	Metazoa	Chordata	Mammalia	Macroscelidea	Macroscelididae	4269	30.38182244085266	0.0	22.69852424455376	46.91965331459358	0.0
Ornithorhynchus anatinus	taxa	Ornithorhynchus anatinus	9258	Ornithorhynchus	3384	3324	1641	1641	60	1683	0	0	/lustre/elzd_2023_000111/zcb/mitocapture04/Pipeline/eMito_pipeline_v3_2/06_optional_modes/taxa/access/Ornithorhynchus_anatinus__species_taxid_9258.taxa_specific.probe.assessed.fasta	0	Metazoa	Chordata	Mammalia	Monotremata	Ornithorhynchidae	3384	48.49290780141844	0.0	49.734042553191486	1.773049645390071	0.0
Node: Ornithorhynchidae	node	Ornithorhynchus anatinus	9258	Ornithorhynchus	0	0	0	0	0	0	0	3394	/lustre/elzd_2023_000111/zcb/mitocapture04/Pipeline/eMito_pipeline_v3_2/05_eMito_node_generate/probe_sets/Ornithorhynchidae__family_taxid_9256.node_tiling.probe.fasta	1	Metazoa	Chordata	Mammalia	Monotremata	Ornithorhynchidae	3394	0.0	0.0	0.0	0.0	100.0
Tachyglossus aculeatus	taxa	Tachyglossus aculeatus	9261	Tachyglossus	3262	3209	1991	1991	53	1218	0	0	/lustre/elzd_2023_000111/zcb/mitocapture04/Pipeline/eMito_pipeline_v3_2/06_optional_modes/taxa/access/Tachyglossus_aculeatus__species_taxid_9261.taxa_specific.probe.assessed.fasta	0	Metazoa	Chordata	Mammalia	Monotremata	Tachyglossidae	3262	61.036174126302875	0.0	37.33905579399141	1.624770079705702	0.0
Node: Tachyglossidae	node	Tachyglossus aculeatus	9261	Tachyglossus	0	0	0	0	0	0	0	3262	/lustre/elzd_2023_000111/zcb/mitocapture04/Pipeline/eMito_pipeline_v3_2/05_eMito_node_generate/probe_sets/Tachyglossidae__family_taxid_9259.node_tiling.probe.fasta	1	Metazoa	Chordata	Mammalia	Monotremata	Tachyglossidae	3262	0.0	0.0	0.0	0.0	100.0
Equus asinus	taxa	Equus asinus	9793	Equus	5894	2005	1456	1456	3889	549	0	0	/lustre/elzd_2023_000111/zcb/mitocapture04/Pipeline/eMito_pipeline_v3_2/06_optional_modes/taxa/access/Equus_asinus__species_taxid_9793.taxa_specific.probe.assessed.fasta	0	Metazoa	Chordata	Mammalia	Perissodactyla	Equidae	5894	24.70308788598575	0.0	9.314557176789956	65.9823549372243	0.0
Node: Equidae	node	Equus asinus	9793	Equus	0	0	0	0	0	0	0	3324	/lustre/elzd_2023_000111/zcb/mitocapture04/Pipeline/eMito_pipeline_v3_2/05_eMito_node_generate/probe_sets/Equidae__family_taxid_9788.node_tiling.probe.fasta	1	Metazoa	Chordata	Mammalia	Perissodactyla	Equidae	3324	0.0	0.0	0.0	0.0	100.0
Equus caballus	taxa	Equus caballus	9796	Equus	5510	2497	1728	1728	3013	769	0	0	/lustre/elzd_2023_000111/zcb/mitocapture04/Pipeline/eMito_pipeline_v3_2/06_optional_modes/taxa/access/Equus_caballus__species_taxid_9796.taxa_specific.probe.assessed.fasta	0	Metazoa	Chordata	Mammalia	Perissodactyla	Equidae	5510	31.361161524500908	0.0	13.95644283121597	54.68239564428312	0.0
Equus ovodovi	taxa	Equus ovodovi	1225531	Equus	4208	2039	1589	1589	2169	450	0	0	/lustre/elzd_2023_000111/zcb/mitocapture04/Pipeline/eMito_pipeline_v3_2/06_optional_modes/taxa/access/Equus_ovodovi__species_taxid_1225531.taxa_specific.probe.assessed.fasta	0	Metazoa	Chordata	Mammalia	Perissodactyla	Equidae	4208	37.76140684410647	0.0	10.693916349809886	51.54467680608364	0.0
Equus przewalskii	taxa	Equus przewalskii	9798	Equus	4271	2491	1750	1750	1780	741	0	0	/lustre/elzd_2023_000111/zcb/mitocapture04/Pipeline/eMito_pipeline_v3_2/06_optional_modes/taxa/access/Equus_przewalskii__species_taxid_9798.taxa_specific.probe.assessed.fasta	0	Metazoa	Chordata	Mammalia	Perissodactyla	Equidae	4271	40.9740107703114	0.0	17.349566846171857	41.676422383516744	0.0
Hippidion saldiasi	taxa	Hippidion saldiasi	216182	Hippidion	3246	3023	2071	2071	223	952	0	0	/lustre/elzd_2023_000111/zcb/mitocapture04/Pipeline/eMito_pipeline_v3_2/06_optional_modes/taxa/access/Hippidion_saldiasi__species_taxid_216182.taxa_specific.probe.assessed.fasta	0	Metazoa	Chordata	Mammalia	Perissodactyla	Equidae	3246	63.801601971657426	0.0	29.32840418977203	6.869993838570548	0.0
Ceratotherium simum	taxa	Ceratotherium simum	9807	Ceratotherium	3298	3019	2023	2023	279	996	0	0	/lustre/elzd_2023_000111/zcb/mitocapture04/Pipeline/eMito_pipeline_v3_2/06_optional_modes/taxa/access/Ceratotherium_simum__species_taxid_9807.taxa_specific.probe.assessed.fasta	0	Metazoa	Chordata	Mammalia	Perissodactyla	Rhinocerotidae	3298	61.34020618556701	0.0	30.200121285627652	8.459672528805337	0.0
Coelodonta antiquitatis	taxa	Coelodonta antiquitatis	222863	Coelodonta	3980	2267	1449	1449	1713	818	0	0	/lustre/elzd_2023_000111/zcb/mitocapture04/Pipeline/eMito_pipeline_v3_2/06_optional_modes/taxa/access/Coelodonta_antiquitatis__species_taxid_222863.taxa_specific.probe.assessed.fasta	0	Metazoa	Chordata	Mammalia	Perissodactyla	Rhinocerotidae	3980	36.4070351758794	0.0	20.552763819095475	43.040201005025125	0.0
Dicerorhinus sumatrensis	taxa	Dicerorhinus sumatrensis	89632	Dicerorhinus	4339	2737	1986	1986	1602	751	0	0	/lustre/elzd_2023_000111/zcb/mitocapture04/Pipeline/eMito_pipeline_v3_2/06_optional_modes/taxa/access/Dicerorhinus_sumatrensis__species_taxid_89632.taxa_specific.probe.assessed.fasta	0	Metazoa	Chordata	Mammalia	Perissodactyla	Rhinocerotidae	4339	45.770914957363445	0.0	17.308135515095643	36.920949527540905	0.0
Diceros bicornis	taxa	Diceros bicornis	9805	Diceros	4613	1686	1167	1167	2927	519	0	0	/lustre/elzd_2023_000111/zcb/mitocapture04/Pipeline/eMito_pipeline_v3_2/06_optional_modes/taxa/access/Diceros_bicornis__species_taxid_9805.taxa_specific.probe.assessed.fasta	0	Metazoa	Chordata	Mammalia	Perissodactyla	Rhinocerotidae	4613	25.298070669846084	0.0	11.250812920008672	63.45111641014524	0.0
Rhinoceros sondaicus	taxa	Rhinoceros sondaicus	102233	Rhinoceros	4146	2914	1983	1983	1232	931	0	0	/lustre/elzd_2023_000111/zcb/mitocapture04/Pipeline/eMito_pipeline_v3_2/06_optional_modes/taxa/access/Rhinoceros_sondaicus__species_taxid_102233.taxa_specific.probe.assessed.fasta	0	Metazoa	Chordata	Mammalia	Perissodactyla	Rhinocerotidae	4146	47.829232995658465	0.0	22.455378678244088	29.715388326097443	0.0
Rhinoceros unicornis	taxa	Rhinoceros unicornis	9809	Rhinoceros	3448	3125	2129	2129	323	996	0	0	/lustre/elzd_2023_000111/zcb/mitocapture04/Pipeline/eMito_pipeline_v3_2/06_optional_modes/taxa/access/Rhinoceros_unicornis__species_taxid_9809.taxa_specific.probe.assessed.fasta	0	Metazoa	Chordata	Mammalia	Perissodactyla	Rhinocerotidae	3448	61.745939675174014	0.0	28.886310904872392	9.367749419953595	0.0
Node: Rhinocerotidae	node	Rhinoceros unicornis	9809	Rhinoceros	0	0	0	0	0	0	0	3356	/lustre/elzd_2023_000111/zcb/mitocapture04/Pipeline/eMito_pipeline_v3_2/05_eMito_node_generate/probe_sets/Rhinocerotidae__family_taxid_9803.node_tiling.probe.fasta	1	Metazoa	Chordata	Mammalia	Perissodactyla	Rhinocerotidae	3356	0.0	0.0	0.0	0.0	100.0
Tapirus indicus	taxa	Tapirus indicus	9802	Tapirus	3427	3151	1768	1768	276	1383	0	0	/lustre/elzd_2023_000111/zcb/mitocapture04/Pipeline/eMito_pipeline_v3_2/06_optional_modes/taxa/access/Tapirus_indicus__species_taxid_9802.taxa_specific.probe.assessed.fasta	0	Metazoa	Chordata	Mammalia	Perissodactyla	Tapiridae	3427	51.59031222643712	0.0	40.3559964983951	8.053691275167784	0.0
Tapirus terrestris	taxa	Tapirus terrestris	9801	Tapirus	4274	2247	1156	1156	2027	1091	0	0	/lustre/elzd_2023_000111/zcb/mitocapture04/Pipeline/eMito_pipeline_v3_2/06_optional_modes/taxa/access/Tapirus_terrestris__species_taxid_9801.taxa_specific.probe.assessed.fasta	0	Metazoa	Chordata	Mammalia	Perissodactyla	Tapiridae	4274	27.047262517547964	0.0	25.52643893308376	47.426298549368276	0.0
Node: Tapiridae	node	Tapirus terrestris	9801	Tapirus	0	0	0	0	0	0	0	3311	/lustre/elzd_2023_000111/zcb/mitocapture04/Pipeline/eMito_pipeline_v3_2/05_eMito_node_generate/probe_sets/Tapiridae__family_taxid_9799.node_tiling.probe.fasta	1	Metazoa	Chordata	Mammalia	Perissodactyla	Tapiridae	3311	0.0	0.0	0.0	0.0	100.0
Manis javanica	taxa	Manis javanica	9974	Manis	6820	2098	1538	1538	4722	560	0	0	/lustre/elzd_2023_000111/zcb/mitocapture04/Pipeline/eMito_pipeline_v3_2/06_optional_modes/taxa/access/Manis_javanica__species_taxid_9974.taxa_specific.probe.assessed.fasta	0	Metazoa	Chordata	Mammalia	Pholidota	Manidae	6820	22.55131964809384	0.0	8.211143695014663	69.23753665689149	0.0
Manis pentadactyla	taxa	Manis pentadactyla	143292	Manis	7251	678	470	470	6573	208	0	0	/lustre/elzd_2023_000111/zcb/mitocapture04/Pipeline/eMito_pipeline_v3_2/06_optional_modes/taxa/access/Manis_pentadactyla__species_taxid_143292.taxa_specific.probe.assessed.fasta	0	Metazoa	Chordata	Mammalia	Pholidota	Manidae	7251	6.481864570404082	0.0	2.8685698524341467	90.64956557716177	0.0
Phataginus tetradactyla	taxa	Phataginus tetradactyla	73815	Phataginus	8535	39	32	32	8496	7	0	0	/lustre/elzd_2023_000111/zcb/mitocapture04/Pipeline/eMito_pipeline_v3_2/06_optional_modes/taxa/access/Phataginus_tetradactyla__species_taxid_73815.taxa_specific.probe.assessed.fasta	0	Metazoa	Chordata	Mammalia	Pholidota	Manidae	8535	0.37492677211482134	0.0	0.08201523140011716	99.54305799648506	0.0
Node: Manidae	node	Phataginus tetradactyla	73815	Phataginus	0	0	0	0	0	0	0	3304	/lustre/elzd_2023_000111/zcb/mitocapture04/Pipeline/eMito_pipeline_v3_2/05_eMito_node_generate/probe_sets/Manidae__family_taxid_9972.node_tiling.probe.fasta	1	Metazoa	Chordata	Mammalia	Pholidota	Manidae	3304	0.0	0.0	0.0	0.0	100.0
Bradypus variegatus	taxa	Bradypus variegatus	9355	Bradypus	8809	891	753	753	7918	138	0	0	/lustre/elzd_2023_000111/zcb/mitocapture04/Pipeline/eMito_pipeline_v3_2/06_optional_modes/taxa/access/Bradypus_variegatus__species_taxid_9355.taxa_specific.probe.assessed.fasta	0	Metazoa	Chordata	Mammalia	Pilosa	Bradypodidae	8809	8.54807583153593	0.0	1.5665796344647518	89.88534453399933	0.0
Node: Bradypodidae	node	Bradypus variegatus	9355	Bradypus	0	0	0	0	0	0	0	3318	/lustre/elzd_2023_000111/zcb/mitocapture04/Pipeline/eMito_pipeline_v3_2/05_eMito_node_generate/probe_sets/Bradypodidae__family_taxid_9352.node_tiling.probe.fasta	1	Metazoa	Chordata	Mammalia	Pilosa	Bradypodidae	3318	0.0	0.0	0.0	0.0	100.0
Choloepus didactylus	taxa	Choloepus didactylus	27675	Choloepus	3618	3115	2296	2296	503	819	0	0	/lustre/elzd_2023_000111/zcb/mitocapture04/Pipeline/eMito_pipeline_v3_2/06_optional_modes/taxa/access/Choloepus_didactylus__species_taxid_27675.taxa_specific.probe.assessed.fasta	0	Metazoa	Chordata	Mammalia	Pilosa	Megalonychidae	3618	63.46047540077391	0.0	22.63681592039801	13.902708678828082	0.0
Node: Megalonychidae	node	Choloepus didactylus	27675	Choloepus	0	0	0	0	0	0	0	3268	/lustre/elzd_2023_000111/zcb/mitocapture04/Pipeline/eMito_pipeline_v3_2/05_eMito_node_generate/probe_sets/Megalonychidae__family_taxid_227508.node_tiling.probe.fasta	1	Metazoa	Chordata	Mammalia	Pilosa	Megalonychidae	3268	0.0	0.0	0.0	0.0	100.0
Nothrotheriops shastensis	taxa	Nothrotheriops shastensis	136416	Nothrotheriops	3080	3009	2234	2234	71	775	0	0	/lustre/elzd_2023_000111/zcb/mitocapture04/Pipeline/eMito_pipeline_v3_2/06_optional_modes/taxa/access/Nothrotheriops_shastensis__species_taxid_136416.taxa_specific.probe.assessed.fasta	0	Metazoa	Chordata	Mammalia	Pilosa	Megatheriidae	3080	72.53246753246754	0.0	25.162337662337663	2.3051948051948052	0.0
Node: Megatheriidae	node	Nothrotheriops shastensis	136416	Nothrotheriops	0	0	0	0	0	0	0	3080	/lustre/elzd_2023_000111/zcb/mitocapture04/Pipeline/eMito_pipeline_v3_2/05_eMito_node_generate/probe_sets/Megatheriidae__family_taxid_136417.node_tiling.probe.fasta	1	Metazoa	Chordata	Mammalia	Pilosa	Megatheriidae	3080	0.0	0.0	0.0	0.0	100.0
Mylodon darwinii	taxa	Mylodon darwinii	48784	Mylodon	3866	3009	2286	2286	857	723	0	0	/lustre/elzd_2023_000111/zcb/mitocapture04/Pipeline/eMito_pipeline_v3_2/06_optional_modes/taxa/access/Mylodon_darwinii__species_taxid_48784.taxa_specific.probe.assessed.fasta	0	Metazoa	Chordata	Mammalia	Pilosa	Mylodontidae	3866	59.130884635281944	0.0	18.701500258665288	22.167615106052768	0.0
Node: Mylodontidae	node	Mylodon darwinii	48784	Mylodon	0	0	0	0	0	0	0	3279	/lustre/elzd_2023_000111/zcb/mitocapture04/Pipeline/eMito_pipeline_v3_2/05_eMito_node_generate/probe_sets/Mylodontidae__family_taxid_48781.node_tiling.probe.fasta	1	Metazoa	Chordata	Mammalia	Pilosa	Mylodontidae	3279	0.0	0.0	0.0	0.0	100.0
Myrmecophaga tridactyla	taxa	Myrmecophaga tridactyla	71006	Myrmecophaga	3868	2613	1658	1658	1255	955	0	0	/lustre/elzd_2023_000111/zcb/mitocapture04/Pipeline/eMito_pipeline_v3_2/06_optional_modes/taxa/access/Myrmecophaga_tridactyla__species_taxid_71006.taxa_specific.probe.assessed.fasta	0	Metazoa	Chordata	Mammalia	Pilosa	Myrmecophagidae	3868	42.864529472595656	0.0	24.689762150982418	32.44570837642192	0.0
Node: Myrmecophagidae	node	Myrmecophaga tridactyla	71006	Myrmecophaga	0	0	0	0	0	0	0	3290	/lustre/elzd_2023_000111/zcb/mitocapture04/Pipeline/eMito_pipeline_v3_2/05_eMito_node_generate/probe_sets/Myrmecophagidae__family_taxid_9349.node_tiling.probe.fasta	1	Metazoa	Chordata	Mammalia	Pilosa	Myrmecophagidae	3290	0.0	0.0	0.0	0.0	100.0
Tamandua tetradactyla	taxa	Tamandua tetradactyla	48850	Tamandua	4066	2396	1528	1528	1670	868	0	0	/lustre/elzd_2023_000111/zcb/mitocapture04/Pipeline/eMito_pipeline_v3_2/06_optional_modes/taxa/access/Tamandua_tetradactyla__species_taxid_48850.taxa_specific.probe.assessed.fasta	0	Metazoa	Chordata	Mammalia	Pilosa	Myrmecophagidae	4066	37.579931136251844	0.0	21.34776192818495	41.072306935563205	0.0
Cebus albifrons	taxa	Cebus albifrons	9514	Cebus	8768	730	433	433	8038	297	0	0	/lustre/elzd_2023_000111/zcb/mitocapture04/Pipeline/eMito_pipeline_v3_2/06_optional_modes/taxa/access/Cebus_albifrons__species_taxid_9514.taxa_specific.probe.assessed.fasta	0	Metazoa	Chordata	Mammalia	Primates	Cebidae	8768	4.938412408759124	0.0	3.387317518248175	91.6742700729927	0.0
Node: Cebidae	node	Cebus albifrons	9514	Cebus	0	0	0	0	0	0	0	3301	/lustre/elzd_2023_000111/zcb/mitocapture04/Pipeline/eMito_pipeline_v3_2/05_eMito_node_generate/probe_sets/Cebidae__family_taxid_9498.node_tiling.probe.fasta	1	Metazoa	Chordata	Mammalia	Primates	Cebidae	3301	0.0	0.0	0.0	0.0	100.0
Chlorocebus aethiops	taxa	Chlorocebus aethiops	9534	Chlorocebus	7199	819	686	686	6380	133	0	0	/lustre/elzd_2023_000111/zcb/mitocapture04/Pipeline/eMito_pipeline_v3_2/06_optional_modes/taxa/access/Chlorocebus_aethiops__species_taxid_9534.taxa_specific.probe.assessed.fasta	0	Metazoa	Chordata	Mammalia	Primates	Cercopithecidae	7199	9.529101264064453	0.0	1.8474788165022922	88.62341991943326	0.0
Chlorocebus pygerythrus	taxa	Chlorocebus pygerythrus	60710	Chlorocebus	10565	438	386	386	10127	52	0	0	/lustre/elzd_2023_000111/zcb/mitocapture04/Pipeline/eMito_pipeline_v3_2/06_optional_modes/taxa/access/Chlorocebus_pygerythrus__species_taxid_60710.taxa_specific.probe.assessed.fasta	0	Metazoa	Chordata	Mammalia	Primates	Cercopithecidae	10565	3.653573118788452	0.0	0.49219119734973976	95.85423568386182	0.0
Node: Cercopithecidae	node	Chlorocebus pygerythrus	60710	Chlorocebus	0	0	0	0	0	0	0	3259	/lustre/elzd_2023_000111/zcb/mitocapture04/Pipeline/eMito_pipeline_v3_2/05_eMito_node_generate/probe_sets/Cercopithecidae__family_taxid_9527.node_tiling.probe.fasta	1	Metazoa	Chordata	Mammalia	Primates	Cercopithecidae	3259	0.0	0.0	0.0	0.0	100.0
Chlorocebus sabaeus	taxa	Chlorocebus sabaeus	60711	Chlorocebus	4622	2714	2061	2061	1908	653	0	0	/lustre/elzd_2023_000111/zcb/mitocapture04/Pipeline/eMito_pipeline_v3_2/06_optional_modes/taxa/access/Chlorocebus_sabaeus__species_taxid_60711.taxa_specific.probe.assessed.fasta	0	Metazoa	Chordata	Mammalia	Primates	Cercopithecidae	4622	44.59108610990913	0.0	14.128083080917353	41.280830809173516	0.0
Chlorocebus tantalus	taxa	Chlorocebus tantalus	60712	Chlorocebus	7242	1806	1398	1398	5436	408	0	0	/lustre/elzd_2023_000111/zcb/mitocapture04/Pipeline/eMito_pipeline_v3_2/06_optional_modes/taxa/access/Chlorocebus_tantalus__species_taxid_60712.taxa_specific.probe.assessed.fasta	0	Metazoa	Chordata	Mammalia	Primates	Cercopithecidae	7242	19.304059652029824	0.0	5.633802816901409	75.06213753106876	0.0
Colobus guereza	taxa	Colobus guereza	33548	Colobus	3320	3226	2070	2070	94	1156	0	0	/lustre/elzd_2023_000111/zcb/mitocapture04/Pipeline/eMito_pipeline_v3_2/06_optional_modes/taxa/access/Colobus_guereza__species_taxid_33548.taxa_specific.probe.assessed.fasta	0	Metazoa	Chordata	Mammalia	Primates	Cercopithecidae	3320	62.34939759036144	0.0	34.81927710843373	2.8313253012048194	0.0
Macaca fascicularis	taxa	Macaca fascicularis	9541	Macaca	9849	648	520	520	9201	128	0	0	/lustre/elzd_2023_000111/zcb/mitocapture04/Pipeline/eMito_pipeline_v3_2/06_optional_modes/taxa/access/Macaca_fascicularis__species_taxid_9541.taxa_specific.probe.assessed.fasta	0	Metazoa	Chordata	Mammalia	Primates	Cercopithecidae	9849	5.27972382983044	0.0	1.2996243273428774	93.42065184282669	0.0
Macaca mulatta	taxa	Macaca mulatta	9544	Macaca	6912	2479	1929	1929	4433	550	0	0	/lustre/elzd_2023_000111/zcb/mitocapture04/Pipeline/eMito_pipeline_v3_2/06_optional_modes/taxa/access/Macaca_mulatta__species_taxid_9544.taxa_specific.probe.assessed.fasta	0	Metazoa	Chordata	Mammalia	Primates	Cercopithecidae	6912	27.90798611111111	0.0	7.957175925925926	64.13483796296296	0.0
Macaca sylvanus	taxa	Macaca sylvanus	9546	Macaca	3478	3075	2394	2394	403	681	0	0	/lustre/elzd_2023_000111/zcb/mitocapture04/Pipeline/eMito_pipeline_v3_2/06_optional_modes/taxa/access/Macaca_sylvanus__species_taxid_9546.taxa_specific.probe.assessed.fasta	0	Metazoa	Chordata	Mammalia	Primates	Cercopithecidae	3478	68.83266244968372	0.0	19.58021851638873	11.587119033927545	0.0
Macaca thibetana	taxa	Macaca thibetana	54602	Macaca	3634	3094	2431	2431	540	663	0	0	/lustre/elzd_2023_000111/zcb/mitocapture04/Pipeline/eMito_pipeline_v3_2/06_optional_modes/taxa/access/Macaca_thibetana__species_taxid_54602.taxa_specific.probe.assessed.fasta	0	Metazoa	Chordata	Mammalia	Primates	Cercopithecidae	3634	66.89598238855255	0.0	18.244358833241606	14.859658778205834	0.0
Nasalis larvatus	taxa	Nasalis larvatus	43780	Nasalis	3796	2714	1591	1591	1082	1123	0	0	/lustre/elzd_2023_000111/zcb/mitocapture04/Pipeline/eMito_pipeline_v3_2/06_optional_modes/taxa/access/Nasalis_larvatus__species_taxid_43780.taxa_specific.probe.assessed.fasta	0	Metazoa	Chordata	Mammalia	Primates	Cercopithecidae	3796	41.91253951527924	0.0	29.58377239199157	28.503688092729192	0.0
Papio hamadryas	taxa	Papio hamadryas	9557	Papio	5169	2417	1847	1847	2752	570	0	0	/lustre/elzd_2023_000111/zcb/mitocapture04/Pipeline/eMito_pipeline_v3_2/06_optional_modes/taxa/access/Papio_hamadryas__species_taxid_9557.taxa_specific.probe.assessed.fasta	0	Metazoa	Chordata	Mammalia	Primates	Cercopithecidae	5169	35.73224995163475	0.0	11.027278003482298	53.24047204488296	0.0
Piliocolobus badius	taxa	Piliocolobus badius	164648	Piliocolobus	3309	3186	1700	1700	123	1486	0	0	/lustre/elzd_2023_000111/zcb/mitocapture04/Pipeline/eMito_pipeline_v3_2/06_optional_modes/taxa/access/Piliocolobus_badius__species_taxid_164648.taxa_specific.probe.assessed.fasta	0	Metazoa	Chordata	Mammalia	Primates	Cercopithecidae	3309	51.37503777576307	0.0	44.90782713810819	3.71713508612874	0.0
Presbytis melalophos	taxa	Presbytis melalophos	78451	Presbytis	8408	95	87	87	8313	8	0	0	/lustre/elzd_2023_000111/zcb/mitocapture04/Pipeline/eMito_pipeline_v3_2/06_optional_modes/taxa/access/Presbytis_melalophos__species_taxid_78451.taxa_specific.probe.assessed.fasta	0	Metazoa	Chordata	Mammalia	Primates	Cercopithecidae	8408	1.0347288296860133	0.0	0.09514747859181732	98.87012369172217	0.0
Pygathrix nemaeus	taxa	Pygathrix nemaeus	54133	Pygathrix	3136	2920	1678	1678	216	1242	0	0	/lustre/elzd_2023_000111/zcb/mitocapture04/Pipeline/eMito_pipeline_v3_2/06_optional_modes/taxa/access/Pygathrix_nemaeus__species_taxid_54133.taxa_specific.probe.assessed.fasta	0	Metazoa	Chordata	Mammalia	Primates	Cercopithecidae	3136	53.50765306122449	0.0	39.60459183673469	6.887755102040815	0.0
Rhinopithecus roxellana	taxa	Rhinopithecus roxellana	61622	Rhinopithecus	4190	2905	1557	1557	1285	1348	0	0	/lustre/elzd_2023_000111/zcb/mitocapture04/Pipeline/eMito_pipeline_v3_2/06_optional_modes/taxa/access/Rhinopithecus_roxellana__species_taxid_61622.taxa_specific.probe.assessed.fasta	0	Metazoa	Chordata	Mammalia	Primates	Cercopithecidae	4190	37.159904534606206	0.0	32.171837708830544	30.668257756563243	0.0
Semnopithecus entellus	taxa	Semnopithecus entellus	88029	Semnopithecus	3297	3198	1838	1838	99	1360	0	0	/lustre/elzd_2023_000111/zcb/mitocapture04/Pipeline/eMito_pipeline_v3_2/06_optional_modes/taxa/access/Semnopithecus_entellus__species_taxid_88029.taxa_specific.probe.assessed.fasta	0	Metazoa	Chordata	Mammalia	Primates	Cercopithecidae	3297	55.74764937822263	0.0	41.24962086745526	3.002729754322111	0.0
Trachypithecus obscurus	taxa	Trachypithecus obscurus	54181	Trachypithecus	4560	1910	1144	1144	2650	766	0	0	/lustre/elzd_2023_000111/zcb/mitocapture04/Pipeline/eMito_pipeline_v3_2/06_optional_modes/taxa/access/Trachypithecus_obscurus__species_taxid_54181.taxa_specific.probe.assessed.fasta	0	Metazoa	Chordata	Mammalia	Primates	Cercopithecidae	4560	25.087719298245613	0.0	16.798245614035086	58.114035087719294	0.0
Daubentonia madagascariensis	taxa	Daubentonia madagascariensis	31869	Daubentonia	4996	3006	2083	2083	1990	923	0	0	/lustre/elzd_2023_000111/zcb/mitocapture04/Pipeline/eMito_pipeline_v3_2/06_optional_modes/taxa/access/Daubentonia_madagascariensis__species_taxid_31869.taxa_specific.probe.assessed.fasta	0	Metazoa	Chordata	Mammalia	Primates	Daubentoniidae	4996	41.693354683746996	0.0	18.474779823859087	39.831865492393916	0.0
Node: Daubentoniidae	node	Daubentonia madagascariensis	31869	Daubentonia	0	0	0	0	0	0	0	3303	/lustre/elzd_2023_000111/zcb/mitocapture04/Pipeline/eMito_pipeline_v3_2/05_eMito_node_generate/probe_sets/Daubentoniidae__family_taxid_30613.node_tiling.probe.fasta	1	Metazoa	Chordata	Mammalia	Primates	Daubentoniidae	3303	0.0	0.0	0.0	0.0	100.0
Gorilla gorilla	taxa	Gorilla gorilla	9593	Gorilla	4761	2551	1891	1891	2210	660	0	0	/lustre/elzd_2023_000111/zcb/mitocapture04/Pipeline/eMito_pipeline_v3_2/06_optional_modes/taxa/access/Gorilla_gorilla__species_taxid_9593.taxa_specific.probe.assessed.fasta	0	Metazoa	Chordata	Mammalia	Primates	Hominidae	4761	39.718546523839535	0.0	13.862633900441084	46.41881957571939	0.0
Homo sapiens	taxa	Homo sapiens	9606	Homo	5602	1723	1364	1364	3879	359	0	0	/lustre/elzd_2023_000111/zcb/mitocapture04/Pipeline/eMito_pipeline_v3_2/06_optional_modes/taxa/access/Homo_sapiens__species_taxid_9606.taxa_specific.probe.assessed.fasta	0	Metazoa	Chordata	Mammalia	Primates	Hominidae	5602	24.348446983220278	0.0	6.408425562299179	69.24312745448054	0.0
Pan paniscus	taxa	Pan paniscus	9597	Pan	5070	2729	2014	2014	2341	715	0	0	/lustre/elzd_2023_000111/zcb/mitocapture04/Pipeline/eMito_pipeline_v3_2/06_optional_modes/taxa/access/Pan_paniscus__species_taxid_9597.taxa_specific.probe.assessed.fasta	0	Metazoa	Chordata	Mammalia	Primates	Hominidae	5070	39.723865877712036	0.0	14.102564102564102	46.17357001972386	0.0
Node: Hominidae	node	Pan paniscus	9597	Pan	0	0	0	0	0	0	0	3303	/lustre/elzd_2023_000111/zcb/mitocapture04/Pipeline/eMito_pipeline_v3_2/05_eMito_node_generate/probe_sets/Hominidae__family_taxid_9604.node_tiling.probe.fasta	1	Metazoa	Chordata	Mammalia	Primates	Hominidae	3303	0.0	0.0	0.0	0.0	100.0
Pan troglodytes	taxa	Pan troglodytes	9598	Pan	5396	2494	1919	1919	2902	575	0	0	/lustre/elzd_2023_000111/zcb/mitocapture04/Pipeline/eMito_pipeline_v3_2/06_optional_modes/taxa/access/Pan_troglodytes__species_taxid_9598.taxa_specific.probe.assessed.fasta	0	Metazoa	Chordata	Mammalia	Primates	Hominidae	5396	35.563380281690144	0.0	10.656041512231281	53.78057820607858	0.0
Pongo abelii	taxa	Pongo abelii	9601	Pongo	3290	3231	2576	2576	59	655	0	0	/lustre/elzd_2023_000111/zcb/mitocapture04/Pipeline/eMito_pipeline_v3_2/06_optional_modes/taxa/access/Pongo_abelii__species_taxid_9601.taxa_specific.probe.assessed.fasta	0	Metazoa	Chordata	Mammalia	Primates	Hominidae	3290	78.29787234042553	0.0	19.908814589665656	1.7933130699088147	0.0
Pongo pygmaeus	taxa	Pongo pygmaeus	9600	Pongo	3268	3219	2553	2553	49	666	0	0	/lustre/elzd_2023_000111/zcb/mitocapture04/Pipeline/eMito_pipeline_v3_2/06_optional_modes/taxa/access/Pongo_pygmaeus__species_taxid_9600.taxa_specific.probe.assessed.fasta	0	Metazoa	Chordata	Mammalia	Primates	Hominidae	3268	78.12117503059976	0.0	20.379436964504283	1.499388004895961	0.0
Hylobates lar	taxa	Hylobates lar	9580	Hylobates	3699	3163	2627	2627	536	536	0	0	/lustre/elzd_2023_000111/zcb/mitocapture04/Pipeline/eMito_pipeline_v3_2/06_optional_modes/taxa/access/Hylobates_lar__species_taxid_9580.taxa_specific.probe.assessed.fasta	0	Metazoa	Chordata	Mammalia	Primates	Hylobatidae	3699	71.01919437685861	0.0	14.490402811570693	14.490402811570693	0.0
Node: Hylobatidae	node	Hylobates lar	9580	Hylobates	0	0	0	0	0	0	0	3285	/lustre/elzd_2023_000111/zcb/mitocapture04/Pipeline/eMito_pipeline_v3_2/05_eMito_node_generate/probe_sets/Hylobatidae__family_taxid_9577.node_tiling.probe.fasta	1	Metazoa	Chordata	Mammalia	Primates	Hylobatidae	3285	0.0	0.0	0.0	0.0	100.0
Propithecus coquereli	taxa	Propithecus coquereli	379532	Propithecus	4190	3088	1945	1945	1102	1143	0	0	/lustre/elzd_2023_000111/zcb/mitocapture04/Pipeline/eMito_pipeline_v3_2/06_optional_modes/taxa/access/Propithecus_coquereli__species_taxid_379532.taxa_specific.probe.assessed.fasta	0	Metazoa	Chordata	Mammalia	Primates	Indriidae	4190	46.420047732696894	0.0	27.279236276849645	26.30071599045346	0.0
Node: Indriidae	node	Propithecus coquereli	379532	Propithecus	0	0	0	0	0	0	0	3411	/lustre/elzd_2023_000111/zcb/mitocapture04/Pipeline/eMito_pipeline_v3_2/05_eMito_node_generate/probe_sets/Indriidae__family_taxid_30599.node_tiling.probe.fasta	1	Metazoa	Chordata	Mammalia	Primates	Indriidae	3411	0.0	0.0	0.0	0.0	100.0
Eulemur mongoz	taxa	Eulemur mongoz	34828	Eulemur	3304	3225	1910	1910	79	1315	0	0	/lustre/elzd_2023_000111/zcb/mitocapture04/Pipeline/eMito_pipeline_v3_2/06_optional_modes/taxa/access/Eulemur_mongoz__species_taxid_34828.taxa_specific.probe.assessed.fasta	0	Metazoa	Chordata	Mammalia	Primates	Lemuridae	3304	57.80871670702179	0.0	39.800242130750604	2.391041162227603	0.0
Node: Lemuridae	node	Eulemur mongoz	34828	Eulemur	0	0	0	0	0	0	0	3316	/lustre/elzd_2023_000111/zcb/mitocapture04/Pipeline/eMito_pipeline_v3_2/05_eMito_node_generate/probe_sets/Lemuridae__family_taxid_9445.node_tiling.probe.fasta	1	Metazoa	Chordata	Mammalia	Primates	Lemuridae	3316	0.0	0.0	0.0	0.0	100.0
Lemur catta	taxa	Lemur catta	9447	Lemur	4844	2767	1392	1392	2077	1375	0	0	/lustre/elzd_2023_000111/zcb/mitocapture04/Pipeline/eMito_pipeline_v3_2/06_optional_modes/taxa/access/Lemur_catta__species_taxid_9447.taxa_specific.probe.assessed.fasta	0	Metazoa	Chordata	Mammalia	Primates	Lemuridae	4844	28.736581337737405	0.0	28.385631709331133	42.877786952931466	0.0
Nycticebus coucang	taxa	Nycticebus coucang	9470	Nycticebus	4655	1933	1403	1403	2722	530	0	0	/lustre/elzd_2023_000111/zcb/mitocapture04/Pipeline/eMito_pipeline_v3_2/06_optional_modes/taxa/access/Nycticebus_coucang__species_taxid_9470.taxa_specific.probe.assessed.fasta	0	Metazoa	Chordata	Mammalia	Primates	Lorisidae	4655	30.13963480128894	0.0	11.385606874328678	58.47475832438238	0.0
Node: Lorisidae	node	Nycticebus coucang	9470	Nycticebus	0	0	0	0	0	0	0	3343	/lustre/elzd_2023_000111/zcb/mitocapture04/Pipeline/eMito_pipeline_v3_2/05_eMito_node_generate/probe_sets/Lorisidae__family_taxid_9461.node_tiling.probe.fasta	1	Metazoa	Chordata	Mammalia	Primates	Lorisidae	3343	0.0	0.0	0.0	0.0	100.0
Cephalopachus bancanus	taxa	Cephalopachus bancanus	9477	Cephalopachus	3342	3309	1768	1768	33	1541	0	0	/lustre/elzd_2023_000111/zcb/mitocapture04/Pipeline/eMito_pipeline_v3_2/06_optional_modes/taxa/access/Cephalopachus_bancanus__species_taxid_9477.taxa_specific.probe.assessed.fasta	0	Metazoa	Chordata	Mammalia	Primates	Tarsiidae	3342	52.90245362058648	0.0	46.11011370436864	0.9874326750448833	0.0
Node: Tarsiidae	node	Cephalopachus bancanus	9477	Cephalopachus	0	0	0	0	0	0	0	3376	/lustre/elzd_2023_000111/zcb/mitocapture04/Pipeline/eMito_pipeline_v3_2/05_eMito_node_generate/probe_sets/Tarsiidae__family_taxid_9475.node_tiling.probe.fasta	1	Metazoa	Chordata	Mammalia	Primates	Tarsiidae	3376	0.0	0.0	0.0	0.0	100.0
Elephas maximus	taxa	Elephas maximus	9783	Elephas	4199	2034	1195	1195	2165	839	0	0	/lustre/elzd_2023_000111/zcb/mitocapture04/Pipeline/eMito_pipeline_v3_2/06_optional_modes/taxa/access/Elephas_maximus__species_taxid_9783.taxa_specific.probe.assessed.fasta	0	Metazoa	Chordata	Mammalia	Proboscidea	Elephantidae	4199	28.459156942129077	0.0	19.980947844724934	51.55989521314599	0.0
Loxodonta africana	taxa	Loxodonta africana	9785	Loxodonta	7337	234	157	157	7103	77	0	0	/lustre/elzd_2023_000111/zcb/mitocapture04/Pipeline/eMito_pipeline_v3_2/06_optional_modes/taxa/access/Loxodonta_africana__species_taxid_9785.taxa_specific.probe.assessed.fasta	0	Metazoa	Chordata	Mammalia	Proboscidea	Elephantidae	7337	2.139839171323429	0.0	1.0494752623688157	96.81068556630775	0.0
Mammut americanum	taxa	Mammut americanum	39053	Mammut	3746	2663	1548	1548	1083	1115	0	0	/lustre/elzd_2023_000111/zcb/mitocapture04/Pipeline/eMito_pipeline_v3_2/06_optional_modes/taxa/access/Mammut_americanum__species_taxid_39053.taxa_specific.probe.assessed.fasta	0	Metazoa	Chordata	Mammalia	Proboscidea	Elephantidae	3746	41.32407901761879	0.0	29.7650827549386	28.910838227442603	0.0
Node: Elephantidae	node	Mammut americanum	39053	Mammut	0	0	0	0	0	0	0	3284	/lustre/elzd_2023_000111/zcb/mitocapture04/Pipeline/eMito_pipeline_v3_2/05_eMito_node_generate/probe_sets/Elephantidae__family_taxid_9780.node_tiling.probe.fasta	1	Metazoa	Chordata	Mammalia	Proboscidea	Elephantidae	3284	0.0	0.0	0.0	0.0	100.0
Mammuthus columbi	taxa	Mammuthus columbi	1027716	Mammuthus	3270	2594	1495	1495	676	1099	0	0	/lustre/elzd_2023_000111/zcb/mitocapture04/Pipeline/eMito_pipeline_v3_2/06_optional_modes/taxa/access/Mammuthus_columbi__species_taxid_1027716.taxa_specific.probe.assessed.fasta	0	Metazoa	Chordata	Mammalia	Proboscidea	Elephantidae	3270	45.718654434250766	0.0	33.608562691131496	20.672782874617738	0.0
Mammuthus primigenius	taxa	Mammuthus primigenius	37349	Mammuthus	4067	2436	1407	1407	1631	1029	0	0	/lustre/elzd_2023_000111/zcb/mitocapture04/Pipeline/eMito_pipeline_v3_2/06_optional_modes/taxa/access/Mammuthus_primigenius__species_taxid_37349.taxa_specific.probe.assessed.fasta	0	Metazoa	Chordata	Mammalia	Proboscidea	Elephantidae	4067	34.59552495697074	0.0	25.301204819277107	40.103270223752155	0.0
Anomalurus sp. GP-2005	taxa	Anomalurus sp. GP-2005	359030	Anomalurus	3373	3317	1828	1828	56	1489	0	0	/lustre/elzd_2023_000111/zcb/mitocapture04/Pipeline/eMito_pipeline_v3_2/06_optional_modes/taxa/access/Anomalurus_sp._GP-2005__species_taxid_359030.taxa_specific.probe.assessed.fasta	0	Metazoa	Chordata	Mammalia	Rodentia	Anomaluridae	3373	54.195078565075605	0.0	44.14467832789801	1.6602431070263861	0.0
Node: Anomaluridae	node	Anomalurus sp. GP-2005	359030	Anomalurus	0	0	0	0	0	0	0	3375	/lustre/elzd_2023_000111/zcb/mitocapture04/Pipeline/eMito_pipeline_v3_2/05_eMito_node_generate/probe_sets/Anomaluridae__family_taxid_101663.node_tiling.probe.fasta	1	Metazoa	Chordata	Mammalia	Rodentia	Anomaluridae	3375	0.0	0.0	0.0	0.0	100.0
Castor canadensis	taxa	Castor canadensis	51338	Castor	3620	2887	2030	2030	733	857	0	0	/lustre/elzd_2023_000111/zcb/mitocapture04/Pipeline/eMito_pipeline_v3_2/06_optional_modes/taxa/access/Castor_canadensis__species_taxid_51338.taxa_specific.probe.assessed.fasta	0	Metazoa	Chordata	Mammalia	Rodentia	Castoridae	3620	56.07734806629834	0.0	23.67403314917127	20.248618784530386	0.0
Node: Castoridae	node	Castor canadensis	51338	Castor	0	0	0	0	0	0	0	3344	/lustre/elzd_2023_000111/zcb/mitocapture04/Pipeline/eMito_pipeline_v3_2/05_eMito_node_generate/probe_sets/Castoridae__family_taxid_29132.node_tiling.probe.fasta	1	Metazoa	Chordata	Mammalia	Rodentia	Castoridae	3344	0.0	0.0	0.0	0.0	100.0
Castor fiber	taxa	Castor fiber	10185	Castor	4117	3199	2150	2150	918	1049	0	0	/lustre/elzd_2023_000111/zcb/mitocapture04/Pipeline/eMito_pipeline_v3_2/06_optional_modes/taxa/access/Castor_fiber__species_taxid_10185.taxa_specific.probe.assessed.fasta	0	Metazoa	Chordata	Mammalia	Rodentia	Castoridae	4117	52.222492105902354	0.0	25.479718241437936	22.297789652659702	0.0
Cavia porcellus	taxa	Cavia porcellus	10141	Cavia	3497	3111	1739	1739	386	1372	0	0	/lustre/elzd_2023_000111/zcb/mitocapture04/Pipeline/eMito_pipeline_v3_2/06_optional_modes/taxa/access/Cavia_porcellus__species_taxid_10141.taxa_specific.probe.assessed.fasta	0	Metazoa	Chordata	Mammalia	Rodentia	Caviidae	3497	49.72833857592222	0.0	39.23362882470689	11.03803259937089	0.0
Node: Caviidae	node	Cavia porcellus	10141	Cavia	0	0	0	0	0	0	0	3350	/lustre/elzd_2023_000111/zcb/mitocapture04/Pipeline/eMito_pipeline_v3_2/05_eMito_node_generate/probe_sets/Caviidae__family_taxid_10139.node_tiling.probe.fasta	1	Metazoa	Chordata	Mammalia	Rodentia	Caviidae	3350	0.0	0.0	0.0	0.0	100.0
Alexandromys kikuchii	taxa	Alexandromys kikuchii	3369700	Alexandromys	3253	3119	2127	2127	134	992	0	0	/lustre/elzd_2023_000111/zcb/mitocapture04/Pipeline/eMito_pipeline_v3_2/06_optional_modes/taxa/access/Alexandromys_kikuchii__species_taxid_3369700.taxa_specific.probe.assessed.fasta	0	Metazoa	Chordata	Mammalia	Rodentia	Cricetidae	3253	65.38579772517676	0.0	30.494927758991704	4.11927451583154	0.0
Node: Cricetidae	node	Alexandromys kikuchii	3369700	Alexandromys	0	0	0	0	0	0	0	3253	/lustre/elzd_2023_000111/zcb/mitocapture04/Pipeline/eMito_pipeline_v3_2/05_eMito_node_generate/probe_sets/Cricetidae__family_taxid_337677.node_tiling.probe.fasta	1	Metazoa	Chordata	Mammalia	Rodentia	Cricetidae	3253	0.0	0.0	0.0	0.0	100.0
Cricetulus griseus	taxa	Cricetulus griseus	10029	Cricetulus	3525	3109	1223	1223	416	1886	0	0	/lustre/elzd_2023_000111/zcb/mitocapture04/Pipeline/eMito_pipeline_v3_2/06_optional_modes/taxa/access/Cricetulus_griseus__species_taxid_10029.taxa_specific.probe.assessed.fasta	0	Metazoa	Chordata	Mammalia	Rodentia	Cricetidae	3525	34.695035460992905	0.0	53.50354609929078	11.801418439716311	0.0
Dicrostonyx groenlandicus	taxa	Dicrostonyx groenlandicus	85953	Dicrostonyx	6136	2110	1393	1393	4026	717	0	0	/lustre/elzd_2023_000111/zcb/mitocapture04/Pipeline/eMito_pipeline_v3_2/06_optional_modes/taxa/access/Dicrostonyx_groenlandicus__species_taxid_85953.taxa_specific.probe.assessed.fasta	0	Metazoa	Chordata	Mammalia	Rodentia	Cricetidae	6136	22.702086049543677	0.0	11.685136897001303	65.61277705345502	0.0
Dicrostonyx torquatus	taxa	Dicrostonyx torquatus	85952	Dicrostonyx	5894	2005	1328	1328	3889	677	0	0	/lustre/elzd_2023_000111/zcb/mitocapture04/Pipeline/eMito_pipeline_v3_2/06_optional_modes/taxa/access/Dicrostonyx_torquatus__species_taxid_85952.taxa_specific.probe.assessed.fasta	0	Metazoa	Chordata	Mammalia	Rodentia	Cricetidae	5894	22.531387852052937	0.0	11.48625721072277	65.9823549372243	0.0
Microtus rossiaemeridionalis	taxa	Microtus rossiaemeridionalis	537919	Microtus	3247	3104	2016	2016	143	1088	0	0	/lustre/elzd_2023_000111/zcb/mitocapture04/Pipeline/eMito_pipeline_v3_2/06_optional_modes/taxa/access/Microtus_rossiaemeridionalis__species_taxid_537919.taxa_specific.probe.assessed.fasta	0	Metazoa	Chordata	Mammalia	Rodentia	Cricetidae	3247	62.08808130582075	0.0	33.50785340314136	4.404065291037881	0.0
Peromyscus leucopus	taxa	Peromyscus leucopus	10041	Peromyscus	5236	1905	989	989	3331	916	0	0	/lustre/elzd_2023_000111/zcb/mitocapture04/Pipeline/eMito_pipeline_v3_2/06_optional_modes/taxa/access/Peromyscus_leucopus__species_taxid_10041.taxa_specific.probe.assessed.fasta	0	Metazoa	Chordata	Mammalia	Rodentia	Cricetidae	5236	18.88846447669977	0.0	17.494270435446907	63.617265087853326	0.0
Jaculus jaculus	taxa	Jaculus jaculus	51337	Jaculus	3282	3243	2211	2211	39	1032	0	0	/lustre/elzd_2023_000111/zcb/mitocapture04/Pipeline/eMito_pipeline_v3_2/06_optional_modes/taxa/access/Jaculus_jaculus__species_taxid_51337.taxa_specific.probe.assessed.fasta	0	Metazoa	Chordata	Mammalia	Rodentia	Dipodidae	3282	67.3674588665448	0.0	31.444241316270567	1.1882998171846435	0.0
Node: Dipodidae	node	Jaculus jaculus	51337	Jaculus	0	0	0	0	0	0	0	3299	/lustre/elzd_2023_000111/zcb/mitocapture04/Pipeline/eMito_pipeline_v3_2/05_eMito_node_generate/probe_sets/Dipodidae__family_taxid_30648.node_tiling.probe.fasta	1	Metazoa	Chordata	Mammalia	Rodentia	Dipodidae	3299	0.0	0.0	0.0	0.0	100.0
Glis glis	taxa	Glis glis	41261	Glis	4965	1633	774	774	3332	859	0	0	/lustre/elzd_2023_000111/zcb/mitocapture04/Pipeline/eMito_pipeline_v3_2/06_optional_modes/taxa/access/Glis_glis__species_taxid_41261.taxa_specific.probe.assessed.fasta	0	Metazoa	Chordata	Mammalia	Rodentia	Gliridae	4965	15.589123867069487	0.0	17.30110775427996	67.10976837865056	0.0
Node: Gliridae	node	Glis glis	41261	Glis	0	0	0	0	0	0	0	3311	/lustre/elzd_2023_000111/zcb/mitocapture04/Pipeline/eMito_pipeline_v3_2/05_eMito_node_generate/probe_sets/Gliridae__family_taxid_30650.node_tiling.probe.fasta	1	Metazoa	Chordata	Mammalia	Rodentia	Gliridae	3311	0.0	0.0	0.0	0.0	100.0
Mus musculus	taxa	Mus musculus	10090	Mus	11552	902	511	511	10650	391	0	0	/lustre/elzd_2023_000111/zcb/mitocapture04/Pipeline/eMito_pipeline_v3_2/06_optional_modes/taxa/access/Mus_musculus__species_taxid_10090.taxa_specific.probe.assessed.fasta	0	Metazoa	Chordata	Mammalia	Rodentia	Muridae	11552	4.423476454293629	0.0	3.3846952908587262	92.19182825484764	0.0
Node: Muridae	node	Mus musculus	10090	Mus	0	0	0	0	0	0	0	3250	/lustre/elzd_2023_000111/zcb/mitocapture04/Pipeline/eMito_pipeline_v3_2/05_eMito_node_generate/probe_sets/Muridae__family_taxid_10066.node_tiling.probe.fasta	1	Metazoa	Chordata	Mammalia	Rodentia	Muridae	3250	0.0	0.0	0.0	0.0	100.0
Mus terricolor	taxa	Mus terricolor	254704	Mus	3344	3070	1408	1408	274	1662	0	0	/lustre/elzd_2023_000111/zcb/mitocapture04/Pipeline/eMito_pipeline_v3_2/06_optional_modes/taxa/access/Mus_terricolor__species_taxid_254704.taxa_specific.probe.assessed.fasta	0	Metazoa	Chordata	Mammalia	Rodentia	Muridae	3344	42.10526315789473	0.0	49.70095693779905	8.19377990430622	0.0
Rattus exulans	taxa	Rattus exulans	34854	Rattus	4246	3156	1687	1687	1090	1469	0	0	/lustre/elzd_2023_000111/zcb/mitocapture04/Pipeline/eMito_pipeline_v3_2/06_optional_modes/taxa/access/Rattus_exulans__species_taxid_34854.taxa_specific.probe.assessed.fasta	0	Metazoa	Chordata	Mammalia	Rodentia	Muridae	4246	39.73151201130476	0.0	34.59726801695713	25.671219971738108	0.0
Rattus norvegicus	taxa	Rattus norvegicus	10116	Rattus	4904	2620	1587	1587	2284	1033	0	0	/lustre/elzd_2023_000111/zcb/mitocapture04/Pipeline/eMito_pipeline_v3_2/06_optional_modes/taxa/access/Rattus_norvegicus__species_taxid_10116.taxa_specific.probe.assessed.fasta	0	Metazoa	Chordata	Mammalia	Rodentia	Muridae	4904	32.36133768352366	0.0	21.06443719412724	46.574225122349105	0.0
Rattus praetor	taxa	Rattus praetor	349711	Rattus	3249	3178	1797	1797	71	1381	0	0	/lustre/elzd_2023_000111/zcb/mitocapture04/Pipeline/eMito_pipeline_v3_2/06_optional_modes/taxa/access/Rattus_praetor__species_taxid_349711.taxa_specific.probe.assessed.fasta	0	Metazoa	Chordata	Mammalia	Rodentia	Muridae	3249	55.309325946445064	0.0	42.50538627269929	2.185287780855648	0.0
Rattus rattus	taxa	Rattus rattus	10117	Rattus	3313	3167	1785	1785	146	1382	0	0	/lustre/elzd_2023_000111/zcb/mitocapture04/Pipeline/eMito_pipeline_v3_2/06_optional_modes/taxa/access/Rattus_rattus__species_taxid_10117.taxa_specific.probe.assessed.fasta	0	Metazoa	Chordata	Mammalia	Rodentia	Muridae	3313	53.878659824932086	0.0	41.71445819498943	4.406881980078479	0.0
Rattus tanezumi	taxa	Rattus tanezumi	35732	Rattus	7946	1658	922	922	6288	736	0	0	/lustre/elzd_2023_000111/zcb/mitocapture04/Pipeline/eMito_pipeline_v3_2/06_optional_modes/taxa/access/Rattus_tanezumi__species_taxid_35732.taxa_specific.probe.assessed.fasta	0	Metazoa	Chordata	Mammalia	Rodentia	Muridae	7946	11.603322426378051	0.0	9.262522023659702	79.13415554996224	0.0
Sciurus vulgaris	taxa	Sciurus vulgaris	55149	Sciurus	4769	2976	1552	1552	1793	1424	0	0	/lustre/elzd_2023_000111/zcb/mitocapture04/Pipeline/eMito_pipeline_v3_2/06_optional_modes/taxa/access/Sciurus_vulgaris__species_taxid_55149.taxa_specific.probe.assessed.fasta	0	Metazoa	Chordata	Mammalia	Rodentia	Sciuridae	4769	32.543510169846925	0.0	29.859509331096667	37.59698049905641	0.0
Node: Sciuridae	node	Sciurus vulgaris	55149	Sciurus	0	0	0	0	0	0	0	3292	/lustre/elzd_2023_000111/zcb/mitocapture04/Pipeline/eMito_pipeline_v3_2/05_eMito_node_generate/probe_sets/Sciuridae__family_taxid_55153.node_tiling.probe.fasta	1	Metazoa	Chordata	Mammalia	Rodentia	Sciuridae	3292	0.0	0.0	0.0	0.0	100.0
Nannospalax ehrenbergi	taxa	Nannospalax ehrenbergi	30637	Nannospalax	3272	3220	1867	1867	52	1353	0	0	/lustre/elzd_2023_000111/zcb/mitocapture04/Pipeline/eMito_pipeline_v3_2/06_optional_modes/taxa/access/Nannospalax_ehrenbergi__species_taxid_30637.taxa_specific.probe.assessed.fasta	0	Metazoa	Chordata	Mammalia	Rodentia	Spalacidae	3272	57.059902200489	0.0	41.35085574572127	1.5892420537897312	0.0
Node: Spalacidae	node	Nannospalax ehrenbergi	30637	Nannospalax	0	0	0	0	0	0	0	3272	/lustre/elzd_2023_000111/zcb/mitocapture04/Pipeline/eMito_pipeline_v3_2/05_eMito_node_generate/probe_sets/Spalacidae__family_taxid_337664.node_tiling.probe.fasta	1	Metazoa	Chordata	Mammalia	Rodentia	Spalacidae	3272	0.0	0.0	0.0	0.0	100.0
Thryonomys swinderianus	taxa	Thryonomys swinderianus	10169	Thryonomys	6473	124	73	73	6349	51	0	0	/lustre/elzd_2023_000111/zcb/mitocapture04/Pipeline/eMito_pipeline_v3_2/06_optional_modes/taxa/access/Thryonomys_swinderianus__species_taxid_10169.taxa_specific.probe.assessed.fasta	0	Metazoa	Chordata	Mammalia	Rodentia	Thryonomyidae	6473	1.127761470724548	0.0	0.7878881507801638	98.08435037849529	0.0
Node: Thryonomyidae	node	Thryonomys swinderianus	10169	Thryonomys	0	0	0	0	0	0	0	3315	/lustre/elzd_2023_000111/zcb/mitocapture04/Pipeline/eMito_pipeline_v3_2/05_eMito_node_generate/probe_sets/Thryonomyidae__family_taxid_74488.node_tiling.probe.fasta	1	Metazoa	Chordata	Mammalia	Rodentia	Thryonomyidae	3315	0.0	0.0	0.0	0.0	100.0
Tupaia belangeri	taxa	Tupaia belangeri	37347	Tupaia	10026	331	239	239	9695	92	0	0	/lustre/elzd_2023_000111/zcb/mitocapture04/Pipeline/eMito_pipeline_v3_2/06_optional_modes/taxa/access/Tupaia_belangeri__species_taxid_37347.taxa_specific.probe.assessed.fasta	0	Metazoa	Chordata	Mammalia	Scandentia	Tupaiidae	10026	2.383802114502294	0.0	0.9176142030720128	96.69858368242569	0.0
Node: Tupaiidae	node	Tupaia belangeri	37347	Tupaia	0	0	0	0	0	0	0	3341	/lustre/elzd_2023_000111/zcb/mitocapture04/Pipeline/eMito_pipeline_v3_2/05_eMito_node_generate/probe_sets/Tupaiidae__family_taxid_9393.node_tiling.probe.fasta	1	Metazoa	Chordata	Mammalia	Scandentia	Tupaiidae	3341	0.0	0.0	0.0	0.0	100.0
Dugong dugon	taxa	Dugong dugon	29137	Dugong	5407	1597	1233	1233	3810	364	0	0	/lustre/elzd_2023_000111/zcb/mitocapture04/Pipeline/eMito_pipeline_v3_2/06_optional_modes/taxa/access/Dugong_dugon__species_taxid_29137.taxa_specific.probe.assessed.fasta	0	Metazoa	Chordata	Mammalia	Sirenia	Dugongidae	5407	22.803772886998335	0.0	6.732014055853523	70.46421305714814	0.0
Node: Dugongidae	node	Dugong dugon	29137	Dugong	0	0	0	0	0	0	0	3360	/lustre/elzd_2023_000111/zcb/mitocapture04/Pipeline/eMito_pipeline_v3_2/05_eMito_node_generate/probe_sets/Dugongidae__family_taxid_29135.node_tiling.probe.fasta	1	Metazoa	Chordata	Mammalia	Sirenia	Dugongidae	3360	0.0	0.0	0.0	0.0	100.0
Trichechus manatus	taxa	Trichechus manatus	9778	Trichechus	4116	2426	1759	1759	1690	667	0	0	/lustre/elzd_2023_000111/zcb/mitocapture04/Pipeline/eMito_pipeline_v3_2/06_optional_modes/taxa/access/Trichechus_manatus__species_taxid_9778.taxa_specific.probe.assessed.fasta	0	Metazoa	Chordata	Mammalia	Sirenia	Trichechidae	4116	42.73566569484937	0.0	16.20505344995141	41.05928085519922	0.0
Node: Trichechidae	node	Trichechus manatus	9778	Trichechus	0	0	0	0	0	0	0	3367	/lustre/elzd_2023_000111/zcb/mitocapture04/Pipeline/eMito_pipeline_v3_2/05_eMito_node_generate/probe_sets/Trichechidae__family_taxid_9775.node_tiling.probe.fasta	1	Metazoa	Chordata	Mammalia	Sirenia	Trichechidae	3367	0.0	0.0	0.0	0.0	100.0
Orycteropus afer	taxa	Orycteropus afer	9818	Orycteropus	3329	3270	1872	1872	59	1398	0	0	/lustre/elzd_2023_000111/zcb/mitocapture04/Pipeline/eMito_pipeline_v3_2/06_optional_modes/taxa/access/Orycteropus_afer__species_taxid_9818.taxa_specific.probe.assessed.fasta	0	Metazoa	Chordata	Mammalia	Tubulidentata	Orycteropodidae	3329	56.23310303394413	0.0	41.99459297086212	1.7723039951937518	0.0
Node: Orycteropodidae	node	Orycteropus afer	9818	Orycteropus	0	0	0	0	0	0	0	3353	/lustre/elzd_2023_000111/zcb/mitocapture04/Pipeline/eMito_pipeline_v3_2/05_eMito_node_generate/probe_sets/Orycteropodidae__family_taxid_9816.node_tiling.probe.fasta	1	Metazoa	Chordata	Mammalia	Tubulidentata	Orycteropodidae	3353	0.0	0.0	0.0	0.0	100.0
